Tmax,Tmin,Time
-99.9,-99.9,1998-01-01
-99.9,-99.9,1998-01-02
-99.9,-99.9,1998-01-03
-99.9,-99.9,1998-01-04
-99.9,-99.9,1998-01-05
-99.9,-99.9,1998-01-06
-99.9,-99.9,1998-01-07
-99.9,-99.9,1998-01-08
-99.9,-99.9,1998-01-09
-99.9,-99.9,1998-01-10
-99.9,-99.9,1998-01-11
-99.9,-99.9,1998-01-12
-99.9,-99.9,1998-01-13
-99.9,-99.9,1998-01-14
-99.9,-99.9,1998-01-15
-99.9,-99.9,1998-01-16
-99.9,-99.9,1998-01-17
-99.9,-99.9,1998-01-18
-99.9,-99.9,1998-01-19
-99.9,-99.9,1998-01-20
-99.9,-99.9,1998-01-21
-99.9,-99.9,1998-01-22
-99.9,-99.9,1998-01-23
-99.9,-99.9,1998-01-24
-99.9,-99.9,1998-01-25
-99.9,-99.9,1998-01-26
-99.9,-99.9,1998-01-27
-99.9,-99.9,1998-01-28
-99.9,-99.9,1998-01-29
-99.9,-99.9,1998-01-30
-99.9,-99.9,1998-01-31
-99.9,-99.9,1998-02-01
-99.9,-99.9,1998-02-02
-99.9,-99.9,1998-02-03
-99.9,-99.9,1998-02-04
-99.9,-99.9,1998-02-05
-99.9,-99.9,1998-02-06
-99.9,-99.9,1998-02-07
-99.9,-99.9,1998-02-08
-99.9,-99.9,1998-02-09
-99.9,-99.9,1998-02-10
-99.9,-99.9,1998-02-11
-99.9,-99.9,1998-02-12
-99.9,-99.9,1998-02-13
-99.9,-99.9,1998-02-14
-99.9,-99.9,1998-02-15
-99.9,-99.9,1998-02-16
-99.9,-99.9,1998-02-17
-99.9,-99.9,1998-02-18
-99.9,-99.9,1998-02-19
-99.9,-99.9,1998-02-20
-99.9,-99.9,1998-02-21
-99.9,-99.9,1998-02-22
-99.9,-99.9,1998-02-23
-99.9,-99.9,1998-02-24
-99.9,-99.9,1998-02-25
-99.9,-99.9,1998-02-26
-99.9,-99.9,1998-02-27
-99.9,-99.9,1998-02-28
-99.9,-99.9,1998-03-01
-99.9,-99.9,1998-03-02
-99.9,-99.9,1998-03-03
-99.9,-99.9,1998-03-04
-99.9,-99.9,1998-03-05
-99.9,-99.9,1998-03-06
-99.9,-99.9,1998-03-07
-99.9,-99.9,1998-03-08
-99.9,-99.9,1998-03-09
-99.9,-99.9,1998-03-10
-99.9,-99.9,1998-03-11
-99.9,-99.9,1998-03-12
-99.9,-99.9,1998-03-13
-99.9,-99.9,1998-03-14
-99.9,-99.9,1998-03-15
-99.9,-99.9,1998-03-16
-99.9,-99.9,1998-03-17
-99.9,-99.9,1998-03-18
-99.9,-99.9,1998-03-19
-99.9,-99.9,1998-03-20
-99.9,-99.9,1998-03-21
-99.9,-99.9,1998-03-22
-99.9,-99.9,1998-03-23
-99.9,-99.9,1998-03-24
-99.9,-99.9,1998-03-25
-99.9,-99.9,1998-03-26
-99.9,-99.9,1998-03-27
-99.9,-99.9,1998-03-28
-99.9,-99.9,1998-03-29
-99.9,-99.9,1998-03-30
-99.9,-99.9,1998-03-31
-99.9,-99.9,1998-04-01
-99.9,-99.9,1998-04-02
-99.9,-99.9,1998-04-03
-99.9,-99.9,1998-04-04
-99.9,-99.9,1998-04-05
-99.9,-99.9,1998-04-06
-99.9,-99.9,1998-04-07
-99.9,-99.9,1998-04-08
-99.9,-99.9,1998-04-09
-99.9,-99.9,1998-04-10
-99.9,-99.9,1998-04-11
-99.9,-99.9,1998-04-12
-99.9,-99.9,1998-04-13
-99.9,-99.9,1998-04-14
-99.9,-99.9,1998-04-15
-99.9,-99.9,1998-04-16
-99.9,-99.9,1998-04-17
-99.9,-99.9,1998-04-18
-99.9,-99.9,1998-04-19
-99.9,-99.9,1998-04-20
-99.9,-99.9,1998-04-21
-99.9,-99.9,1998-04-22
-99.9,-99.9,1998-04-23
-99.9,-99.9,1998-04-24
-99.9,-99.9,1998-04-25
-99.9,-99.9,1998-04-26
-99.9,-99.9,1998-04-27
-99.9,-99.9,1998-04-28
-99.9,-99.9,1998-04-29
-99.9,-99.9,1998-04-30
21.5,9.0,1998-05-01
21.5,9.0,1998-05-02
20.5,10.0,1998-05-03
21.0,11.0,1998-05-04
21.5,12.0,1998-05-05
20.0,8.5,1998-05-06
17.5,11.0,1998-05-07
20.0,8.0,1998-05-08
19.5,6.0,1998-05-09
15.5,6.5,1998-05-10
16.5,5.5,1998-05-11
20.0,6.0,1998-05-12
21.0,8.0,1998-05-13
21.0,11.0,1998-05-14
21.5,8.0,1998-05-15
23.5,11.5,1998-05-16
23.5,13.0,1998-05-17
23.5,13.0,1998-05-18
23.5,10.0,1998-05-19
24.5,11.0,1998-05-20
23.5,13.5,1998-05-21
24.5,14.0,1998-05-22
23.5,13.0,1998-05-23
25.0,11.5,1998-05-24
23.0,15.0,1998-05-25
23.5,11.5,1998-05-26
22.5,11.5,1998-05-27
21.5,12.5,1998-05-28
23.0,12.0,1998-05-29
22.5,11.0,1998-05-30
23.5,12.0,1998-05-31
23.5,12.0,1998-06-01
23.5,12.5,1998-06-02
23.5,12.0,1998-06-03
22.0,10.5,1998-06-04
21.0,10.0,1998-06-05
22.5,10.0,1998-06-06
23.5,13.0,1998-06-07
24.0,12.0,1998-06-08
24.0,5.0,1998-06-09
24.5,5.5,1998-06-10
24.5,5.5,1998-06-11
23.5,9.5,1998-06-12
21.0,7.5,1998-06-13
20.5,6.0,1998-06-14
19.5,8.0,1998-06-15
21.5,5.5,1998-06-16
21.5,8.5,1998-06-17
23.5,8.0,1998-06-18
24.5,8.5,1998-06-19
17.5,9.0,1998-06-20
16.5,8.0,1998-06-21
18.5,7.5,1998-06-22
24.0,8.0,1998-06-23
20.5,6.5,1998-06-24
22.0,6.5,1998-06-25
18.0,5.1,1998-06-26
22.5,4.0,1998-06-27
20.5,4.0,1998-06-28
19.5,4.0,1998-06-29
20.5,3.5,1998-06-30
19.0,-99.9,1998-07-01
18.0,-99.9,1998-07-02
21.0,-99.9,1998-07-03
21.5,-99.9,1998-07-04
22.5,-99.9,1998-07-05
18.5,-99.9,1998-07-06
20.0,-99.9,1998-07-07
17.0,-99.9,1998-07-08
20.5,11.0,1998-07-09
24.0,11.5,1998-07-10
23.0,15.0,1998-07-11
22.0,14.0,1998-07-12
21.0,13.0,1998-07-13
21.0,14.5,1998-07-14
18.0,14.5,1998-07-15
17.0,15.0,1998-07-16
17.0,15.5,1998-07-17
16.5,14.5,1998-07-18
16.5,15.0,1998-07-19
15.5,14.5,1998-07-20
22.0,16.5,1998-07-21
21.5,15.5,1998-07-22
19.5,15.5,1998-07-23
19.0,15.0,1998-07-24
18.0,15.0,1998-07-25
21.0,15.0,1998-07-26
19.5,14.0,1998-07-27
20.0,14.5,1998-07-28
21.5,14.5,1998-07-29
18.0,15.0,1998-07-30
16.5,14.5,1998-07-31
18.0,14.0,1998-08-01
17.5,14.0,1998-08-02
19.5,15.1,1998-08-03
18.5,14.5,1998-08-04
20.5,13.6,1998-08-05
18.5,15.0,1998-08-06
19.5,13.0,1998-08-07
21.0,14.5,1998-08-08
20.0,14.0,1998-08-09
21.5,14.5,1998-08-10
17.5,15.0,1998-08-11
17.0,14.5,1998-08-12
18.0,13.5,1998-08-13
17.6,14.5,1998-08-14
18.0,14.5,1998-08-15
17.5,14.5,1998-08-16
19.0,15.0,1998-08-17
16.0,14.5,1998-08-18
16.0,14.0,1998-08-19
18.0,14.0,1998-08-20
16.5,13.0,1998-08-21
18.5,12.5,1998-08-22
19.0,13.5,1998-08-23
19.0,13.5,1998-08-24
20.5,14.5,1998-08-25
21.0,14.0,1998-08-26
18.0,14.0,1998-08-27
21.5,14.5,1998-08-28
20.5,15.0,1998-08-29
18.5,15.0,1998-08-30
17.5,15.0,1998-08-31
17.2,13.0,1998-09-01
20.0,14.0,1998-09-02
20.5,13.0,1998-09-03
19.5,14.0,1998-09-04
21.0,13.0,1998-09-05
20.0,11.0,1998-09-06
20.0,11.5,1998-09-07
22.0,10.0,1998-09-08
21.5,15.5,1998-09-09
18.0,11.0,1998-09-10
20.5,11.0,1998-09-11
19.5,12.5,1998-09-12
20.5,10.0,1998-09-13
19.5,12.5,1998-09-14
20.5,11.0,1998-09-15
23.0,11.5,1998-09-16
23.0,11.5,1998-09-17
22.0,14.5,1998-09-18
19.5,14.5,1998-09-19
21.0,13.5,1998-09-20
17.0,11.0,1998-09-21
18.5,13.5,1998-09-22
21.0,13.5,1998-09-23
20.0,11.0,1998-09-24
21.0,11.5,1998-09-25
21.0,16.0,1998-09-26
21.0,12.0,1998-09-27
19.0,14.0,1998-09-28
17.0,12.5,1998-09-29
18.5,12.0,1998-09-30
16.5,12.0,1998-10-01
18.5,12.5,1998-10-02
15.5,11.5,1998-10-03
15.0,11.0,1998-10-04
19.0,9.5,1998-10-05
20.5,10.0,1998-10-06
21.0,9.5,1998-10-07
20.5,10.0,1998-10-08
20.0,11.0,1998-10-09
20.0,8.5,1998-10-10
21.0,9.5,1998-10-11
21.0,9.0,1998-10-12
20.0,8.0,1998-10-13
18.5,8.5,1998-10-14
18.5,9.5,1998-10-15
17.0,9.5,1998-10-16
20.0,10.0,1998-10-17
15.0,10.4,1998-10-18
19.0,9.5,1998-10-19
20.0,9.5,1998-10-20
20.0,8.5,1998-10-21
17.5,10.0,1998-10-22
17.5,9.5,1998-10-23
18.5,8.5,1998-10-24
18.5,8.5,1998-10-25
18.0,9.0,1998-10-26
17.5,6.5,1998-10-27
18.5,11.0,1998-10-28
16.0,6.5,1998-10-29
17.0,6.5,1998-10-30
18.0,5.5,1998-10-31
21.0,5.0,1998-11-01
21.0,3.5,1998-11-02
18.5,5.0,1998-11-03
18.0,6.5,1998-11-04
16.0,5.5,1998-11-05
16.5,5.5,1998-11-06
16.0,4.5,1998-11-07
15.0,4.5,1998-11-08
15.0,0.3,1998-11-09
16.0,0.2,1998-11-10
21.0,5.0,1998-11-11
21.5,0.3,1998-11-12
17.5,0.5,1998-11-13
16.5,0.5,1998-11-14
17.0,0.4,1998-11-15
16.0,0.5,1998-11-16
14.5,7.0,1998-11-17
16.5,5.0,1998-11-18
11.0,7.5,1998-11-19
16.0,5.5,1998-11-20
14.5,5.5,1998-11-21
18.0,6.0,1998-11-22
16.5,4.0,1998-11-23
15.5,5.5,1998-11-24
15.0,0.4,1998-11-25
14.0,4.0,1998-11-26
15.0,0.3,1998-11-27
14.4,0.3,1998-11-28
15.5,0.4,1998-11-29
13.5,0.5,1998-11-30
17.0,3.0,1998-12-01
17.0,2.0,1998-12-02
19.5,2.0,1998-12-03
15.5,2.0,1998-12-04
15.0,3.0,1998-12-05
13.5,5.0,1998-12-06
14.5,5.0,1998-12-07
13.5,3.0,1998-12-08
12.0,1.0,1998-12-09
11.5,2.0,1998-12-10
12.5,5.0,1998-12-11
14.0,4.0,1998-12-12
18.0,1.0,1998-12-13
15.0,2.0,1998-12-14
14.0,1.5,1998-12-15
15.0,2.5,1998-12-16
11.0,-2.0,1998-12-17
11.5,-3.0,1998-12-18
18.0,1.0,1998-12-19
14.0,2.0,1998-12-20
13.0,-0.5,1998-12-21
12.0,-1.5,1998-12-22
10.5,-4.0,1998-12-23
10.5,-1.5,1998-12-24
16.0,-4.0,1998-12-25
17.0,1.0,1998-12-26
11.5,1.0,1998-12-27
11.5,-1.0,1998-12-28
11.5,-1.0,1998-12-29
9.5,1.5,1998-12-30
7.0,-4.5,1998-12-31
12.5,-2.0,1999-01-01
16.5,-2.0,1999-01-02
12.5,1.0,1999-01-03
13.0,1.0,1999-01-04
12.5,-1.0,1999-01-05
11.0,-2.5,1999-01-06
5.5,-0.5,1999-01-07
7.0,-4.0,1999-01-08
5.0,-3.5,1999-01-09
8.0,-7.0,1999-01-10
12.5,-1.0,1999-01-11
9.5,-5.0,1999-01-12
7.5,-1.0,1999-01-13
12.0,-4.0,1999-01-14
10.5,-2.0,1999-01-15
9.0,-1.5,1999-01-16
11.0,-2.5,1999-01-17
11.0,-2.0,1999-01-18
11.5,-0.5,1999-01-19
11.0,-4.0,1999-01-20
12.0,1.5,1999-01-21
13.5,-0.5,1999-01-22
13.0,-0.5,1999-01-23
13.5,-0.5,1999-01-24
13.5,-0.5,1999-01-25
13.5,-0.5,1999-01-26
11.5,-1.5,1999-01-27
11.5,1.0,1999-01-28
11.5,0.5,1999-01-29
8.0,-2.0,1999-01-30
10.0,2.0,1999-01-31
8.5,-3.0,1999-02-01
13.0,2.5,1999-02-02
10.5,2.0,1999-02-03
12.5,-1.5,1999-02-04
13.5,-3.0,1999-02-05
17.0,-2.0,1999-02-06
17.5,-3.0,1999-02-07
13.5,-1.5,1999-02-08
11.0,-0.5,1999-02-09
15.0,-4.0,1999-02-10
16.5,-3.0,1999-02-11
18.0,-4.0,1999-02-12
18.0,5.0,1999-02-13
20.0,4.0,1999-02-14
18.5,5.0,1999-02-15
19.5,5.5,1999-02-16
20.0,4.5,1999-02-17
18.5,3.5,1999-02-18
17.5,4.5,1999-02-19
18.0,1.5,1999-02-20
16.0,2.5,1999-02-21
19.5,2.5,1999-02-22
16.5,3.0,1999-02-23
14.0,1.0,1999-02-24
11.5,4.0,1999-02-25
11.5,3.5,1999-02-26
14.0,2.0,1999-02-27
12.0,2.0,1999-02-28
15.0,1.5,1999-03-01
18.0,2.0,1999-03-02
18.5,3.5,1999-03-03
19.0,5.0,1999-03-04
18.5,5.5,1999-03-05
20.5,7.5,1999-03-06
20.5,7.0,1999-03-07
19.5,6.0,1999-03-08
20.5,4.0,1999-03-09
20.5,5.5,1999-03-10
19.5,5.0,1999-03-11
16.5,1.5,1999-03-12
16.5,1.0,1999-03-13
23.0,2.5,1999-03-14
16.0,4.0,1999-03-15
16.5,4.5,1999-03-16
19.0,4.0,1999-03-17
19.0,2.5,1999-03-18
21.0,2.5,1999-03-19
19.5,1.0,1999-03-20
19.5,3.5,1999-03-21
19.0,3.5,1999-03-22
19.0,1.5,1999-03-23
16.0,3.5,1999-03-24
15.5,3.5,1999-03-25
14.0,2.5,1999-03-26
16.0,2.5,1999-03-27
19.5,4.0,1999-03-28
17.5,4.5,1999-03-29
16.5,6.0,1999-03-30
18.0,6.0,1999-03-31
22.0,7.5,1999-04-01
19.5,7.5,1999-04-02
21.5,6.5,1999-04-03
21.5,7.0,1999-04-04
21.5,8.0,1999-04-05
19.5,10.0,1999-04-06
20.5,6.0,1999-04-07
17.5,7.0,1999-04-08
17.5,5.5,1999-04-09
19.5,5.5,1999-04-10
20.5,7.5,1999-04-11
21.5,8.5,1999-04-12
23.5,7.0,1999-04-13
22.5,9.0,1999-04-14
21.0,5.5,1999-04-15
21.0,6.0,1999-04-16
21.0,6.0,1999-04-17
18.5,6.0,1999-04-18
20.0,7.0,1999-04-19
20.5,7.0,1999-04-20
22.0,8.5,1999-04-21
23.5,10.0,1999-04-22
24.5,10.0,1999-04-23
25.0,10.0,1999-04-24
25.0,11.0,1999-04-25
24.5,11.0,1999-04-26
24.5,11.5,1999-04-27
25.0,10.0,1999-04-28
24.5,10.5,1999-04-29
22.0,11.0,1999-04-30
20.0,9.0,1999-05-01
21.0,9.0,1999-05-02
24.0,10.5,1999-05-03
22.5,11.0,1999-05-04
24.5,12.5,1999-05-05
23.0,11.5,1999-05-06
23.0,9.5,1999-05-07
22.5,10.5,1999-05-08
22.0,9.0,1999-05-09
16.0,9.0,1999-05-10
17.0,8.0,1999-05-11
15.0,9.5,1999-05-12
14.0,10.0,1999-05-13
13.0,8.0,1999-05-14
16.5,6.5,1999-05-15
17.0,9.0,1999-05-16
21.5,9.5,1999-05-17
16.5,10.5,1999-05-18
18.5,8.0,1999-05-19
19.0,9.0,1999-05-20
17.5,11.5,1999-05-21
19.5,12.5,1999-05-22
22.0,14.0,1999-05-23
21.0,10.0,1999-05-24
23.5,14.0,1999-05-25
21.5,14.0,1999-05-26
21.0,14.0,1999-05-27
20.5,14.0,1999-05-28
20.5,14.0,1999-05-29
21.5,10.0,1999-05-30
19.5,10.0,1999-05-31
21.0,10.0,1999-06-01
18.0,7.0,1999-06-02
16.5,7.0,1999-06-03
19.5,7.0,1999-06-04
21.0,7.0,1999-06-05
21.0,8.5,1999-06-06
22.0,9.5,1999-06-07
25.5,11.0,1999-06-08
24.5,13.0,1999-06-09
20.5,14.0,1999-06-10
17.5,13.5,1999-06-11
15.5,13.0,1999-06-12
16.0,12.0,1999-06-13
21.0,11.5,1999-06-14
21.0,13.5,1999-06-15
20.5,14.0,1999-06-16
19.5,14.0,1999-06-17
22.0,13.0,1999-06-18
20.0,14.0,1999-06-19
20.0,14.0,1999-06-20
21.5,13.5,1999-06-21
18.5,14.0,1999-06-22
21.0,14.5,1999-06-23
21.0,14.5,1999-06-24
19.5,15.0,1999-06-25
18.6,15.0,1999-06-26
19.0,14.5,1999-06-27
18.5,14.0,1999-06-28
20.0,14.0,1999-06-29
20.0,15.0,1999-06-30
19.5,14.0,1999-07-01
18.5,14.5,1999-07-02
16.0,14.0,1999-07-03
16.0,14.0,1999-07-04
20.0,12.5,1999-07-05
22.0,14.5,1999-07-06
20.5,14.0,1999-07-07
21.5,15.0,1999-07-08
19.0,15.0,1999-07-09
19.5,17.0,1999-07-10
18.5,13.5,1999-07-11
18.0,14.0,1999-07-12
19.0,14.0,1999-07-13
19.5,14.0,1999-07-14
23.0,13.5,1999-07-15
20.0,14.5,1999-07-16
19.5,14.5,1999-07-17
19.0,14.4,1999-07-18
18.0,14.0,1999-07-19
20.0,14.5,1999-07-20
18.5,13.0,1999-07-21
18.0,14.0,1999-07-22
20.0,14.0,1999-07-23
18.0,14.5,1999-07-24
18.0,14.5,1999-07-25
18.5,14.5,1999-07-26
15.5,14.0,1999-07-27
18.5,14.0,1999-07-28
18.5,14.0,1999-07-29
18.0,14.0,1999-07-30
18.5,12.5,1999-07-31
24.5,13.0,1999-08-01
21.5,13.5,1999-08-02
22.0,14.0,1999-08-03
21.0,14.0,1999-08-04
20.0,15.0,1999-08-05
21.0,13.0,1999-08-06
22.5,14.0,1999-08-07
20.0,13.5,1999-08-08
19.0,14.0,1999-08-09
18.5,13.5,1999-08-10
19.0,15.0,1999-08-11
17.5,14.5,1999-08-12
15.5,13.5,1999-08-13
17.0,13.5,1999-08-14
15.5,14.0,1999-08-15
16.5,13.0,1999-08-16
18.5,14.0,1999-08-17
17.5,13.5,1999-08-18
18.0,14.0,1999-08-19
20.0,12.0,1999-08-20
19.5,14.0,1999-08-21
16.0,14.5,1999-08-22
19.5,14.0,1999-08-23
19.5,14.0,1999-08-24
16.0,15.0,1999-08-25
14.0,12.0,1999-08-26
19.5,11.0,1999-08-27
18.0,13.5,1999-08-28
18.0,12.5,1999-08-29
19.5,11.5,1999-08-30
19.5,13.5,1999-08-31
18.5,12.5,1999-09-01
17.0,12.5,1999-09-02
20.0,13.0,1999-09-03
20.0,11.0,1999-09-04
20.5,13.0,1999-09-05
18.0,13.5,1999-09-06
20.5,11.0,1999-09-07
20.0,14.0,1999-09-08
18.0,12.5,1999-09-09
18.5,12.0,1999-09-10
19.5,14.5,1999-09-11
19.0,12.0,1999-09-12
17.5,13.0,1999-09-13
19.0,13.5,1999-09-14
18.5,10.5,1999-09-15
16.0,11.5,1999-09-16
18.0,13.5,1999-09-17
20.5,11.5,1999-09-18
22.0,12.5,1999-09-19
21.5,12.5,1999-09-20
21.5,12.0,1999-09-21
19.5,11.5,1999-09-22
21.0,11.2,1999-09-23
21.0,12.0,1999-09-24
19.0,10.5,1999-09-25
17.0,12.0,1999-09-26
16.5,12.5,1999-09-27
19.5,12.5,1999-09-28
19.5,12.5,1999-09-29
18.5,10.5,1999-09-30
18.5,11.0,1999-10-01
16.0,10.0,1999-10-02
12.5,10.0,1999-10-03
14.0,10.5,1999-10-04
16.0,11.5,1999-10-05
13.0,10.0,1999-10-06
17.5,11.5,1999-10-07
17.0,14.0,1999-10-08
19.0,9.0,1999-10-09
19.5,13.0,1999-10-10
17.5,6.0,1999-10-11
17.0,6.5,1999-10-12
17.0,4.5,1999-10-13
18.0,5.5,1999-10-14
19.0,6.5,1999-10-15
19.0,6.0,1999-10-16
17.5,6.0,1999-10-17
19.5,7.0,1999-10-18
16.5,6.5,1999-10-19
16.0,7.5,1999-10-20
17.0,6.0,1999-10-21
17.5,5.0,1999-10-22
17.0,5.0,1999-10-23
17.0,5.0,1999-10-24
17.0,6.0,1999-10-25
17.5,6.5,1999-10-26
17.5,5.5,1999-10-27
19.5,6.5,1999-10-28
17.0,5.5,1999-10-29
18.0,5.5,1999-10-30
16.5,6.5,1999-10-31
16.0,5.0,1999-11-01
17.0,4.5,1999-11-02
16.5,4.5,1999-11-03
16.5,4.5,1999-11-04
15.5,6.5,1999-11-05
15.5,5.0,1999-11-06
15.0,3.5,1999-11-07
15.0,2.5,1999-11-08
15.5,2.5,1999-11-09
15.0,4.5,1999-11-10
15.5,2.5,1999-11-11
14.0,4.0,1999-11-12
15.0,4.0,1999-11-13
15.0,3.0,1999-11-14
14.0,3.5,1999-11-15
12.0,5.0,1999-11-16
13.0,3.0,1999-11-17
12.0,3.0,1999-11-18
13.5,2.0,1999-11-19
14.0,1.5,1999-11-20
19.0,1.0,1999-11-21
13.5,2.0,1999-11-22
18.0,3.0,1999-11-23
16.0,4.0,1999-11-24
16.5,6.5,1999-11-25
16.5,4.0,1999-11-26
17.5,4.5,1999-11-27
12.0,1.0,1999-11-28
13.5,1.0,1999-11-29
13.5,0.6,1999-11-30
14.0,2.0,1999-12-01
12.5,2.0,1999-12-02
11.5,2.0,1999-12-03
11.0,-0.5,1999-12-04
8.5,-0.5,1999-12-05
9.5,-1.0,1999-12-06
10.0,-1.0,1999-12-07
6.5,-1.0,1999-12-08
12.0,-1.0,1999-12-09
11.0,-1.0,1999-12-10
10.0,-1.0,1999-12-11
13.0,1.5,1999-12-12
13.0,1.5,1999-12-13
11.5,1.0,1999-12-14
11.5,1.0,1999-12-15
17.5,1.2,1999-12-16
19.5,1.0,1999-12-17
17.5,4.5,1999-12-18
15.5,3.0,1999-12-19
15.5,4.0,1999-12-20
15.0,1.5,1999-12-21
9.5,-4.0,1999-12-22
7.0,-2.0,1999-12-23
7.0,-2.0,1999-12-24
9.0,-2.0,1999-12-25
7.5,-0.5,1999-12-26
8.5,-0.5,1999-12-27
9.0,-0.5,1999-12-28
10.0,-0.5,1999-12-29
7.5,-0.5,1999-12-30
7.5,-2.0,1999-12-31
10.0,-0.5,2000-01-01
11.0,-0.5,2000-01-02
12.0,-1.0,2000-01-03
12.0,-0.5,2000-01-04
13.5,-1.0,2000-01-05
12.5,-1.0,2000-01-06
12.0,0.5,2000-01-07
10.5,0.0,2000-01-08
6.5,-0.5,2000-01-09
8.5,-0.5,2000-01-10
10.5,1.0,2000-01-11
14.0,2.0,2000-01-12
7.0,3.0,2000-01-13
8.5,-1.5,2000-01-14
10.5,-3.5,2000-01-15
10.0,-4.0,2000-01-16
13.0,-1.5,2000-01-17
14.0,-0.5,2000-01-18
10.5,-0.5,2000-01-19
9.5,-1.5,2000-01-20
4.0,2.0,2000-01-21
4.0,1.0,2000-01-22
4.5,-0.5,2000-01-23
5.0,1.5,2000-01-24
8.0,-0.5,2000-01-25
9.5,-0.5,2000-01-26
9.5,-1.5,2000-01-27
9.0,-3.0,2000-01-28
15.0,-3.0,2000-01-29
16.5,-0.5,2000-01-30
6.0,-1.5,2000-01-31
3.5,-0.5,2000-02-01
7.5,-3.5,2000-02-02
10.0,0.0,2000-02-03
11.0,-0.5,2000-02-04
5.5,-0.5,2000-02-05
8.0,-0.5,2000-02-06
8.0,-0.5,2000-02-07
9.0,-0.5,2000-02-08
11.0,-0.5,2000-02-09
10.3,1.0,2000-02-10
5.0,-0.5,2000-02-11
6.0,-0.5,2000-02-12
10.0,-0.7,2000-02-13
10.5,-3.0,2000-02-14
16.0,-0.5,2000-02-15
9.5,-0.5,2000-02-16
7.0,-0.5,2000-02-17
6.0,-0.5,2000-02-18
7.0,-4.0,2000-02-19
8.0,-4.0,2000-02-20
8.5,-4.0,2000-02-21
10.0,-2.5,2000-02-22
11.0,0.5,2000-02-23
12.5,-2.5,2000-02-24
11.5,-2.0,2000-02-25
8.0,-2.0,2000-02-26
10.0,-1.5,2000-02-27
4.5,1.2,2000-02-28
4.5,1.0,2000-02-29
-99.9,-99.9,2000-03-01
-99.9,-99.9,2000-03-02
-99.9,-99.9,2000-03-03
-99.9,-99.9,2000-03-04
-99.9,-99.9,2000-03-05
-99.9,-99.9,2000-03-06
-99.9,-99.9,2000-03-07
-99.9,-99.9,2000-03-08
-99.9,-99.9,2000-03-09
-99.9,-99.9,2000-03-10
-99.9,-99.9,2000-03-11
-99.9,-99.9,2000-03-12
-99.9,-99.9,2000-03-13
-99.9,-99.9,2000-03-14
-99.9,-99.9,2000-03-15
-99.9,-99.9,2000-03-16
-99.9,-99.9,2000-03-17
-99.9,-99.9,2000-03-18
-99.9,-99.9,2000-03-19
-99.9,-99.9,2000-03-20
-99.9,-99.9,2000-03-21
-99.9,-99.9,2000-03-22
-99.9,-99.9,2000-03-23
-99.9,-99.9,2000-03-24
-99.9,-99.9,2000-03-25
-99.9,-99.9,2000-03-26
-99.9,-99.9,2000-03-27
-99.9,-99.9,2000-03-28
-99.9,-99.9,2000-03-29
-99.9,-99.9,2000-03-30
-99.9,-99.9,2000-03-31
-99.9,-99.9,2000-04-01
-99.9,-99.9,2000-04-02
-99.9,-99.9,2000-04-03
-99.9,-99.9,2000-04-04
-99.9,-99.9,2000-04-05
-99.9,-99.9,2000-04-06
-99.9,-99.9,2000-04-07
-99.9,-99.9,2000-04-08
-99.9,-99.9,2000-04-09
-99.9,-99.9,2000-04-10
-99.9,-99.9,2000-04-11
-99.9,-99.9,2000-04-12
-99.9,-99.9,2000-04-13
-99.9,-99.9,2000-04-14
-99.9,-99.9,2000-04-15
-99.9,-99.9,2000-04-16
-99.9,-99.9,2000-04-17
-99.9,-99.9,2000-04-18
-99.9,-99.9,2000-04-19
-99.9,-99.9,2000-04-20
-99.9,-99.9,2000-04-21
-99.9,-99.9,2000-04-22
-99.9,-99.9,2000-04-23
-99.9,-99.9,2000-04-24
-99.9,-99.9,2000-04-25
-99.9,-99.9,2000-04-26
-99.9,-99.9,2000-04-27
-99.9,-99.9,2000-04-28
-99.9,-99.9,2000-04-29
-99.9,-99.9,2000-04-30
19.0,10.5,2000-05-01
20.0,7.0,2000-05-02
20.5,10.0,2000-05-03
20.0,8.0,2000-05-04
17.5,10.0,2000-05-05
19.0,6.5,2000-05-06
16.0,8.0,2000-05-07
19.0,9.0,2000-05-08
20.5,9.5,2000-05-09
22.5,9.5,2000-05-10
23.5,9.0,2000-05-11
25.5,12.0,2000-05-12
22.5,12.5,2000-05-13
24.5,11.0,2000-05-14
23.5,10.0,2000-05-15
19.5,12.0,2000-05-16
21.5,13.5,2000-05-17
23.5,11.5,2000-05-18
22.5,11.5,2000-05-19
16.0,12.0,2000-05-20
14.0,12.0,2000-05-21
18.0,12.0,2000-05-22
18.0,12.0,2000-05-23
17.5,13.0,2000-05-24
19.5,13.5,2000-05-25
20.0,14.0,2000-05-26
21.5,13.0,2000-05-27
21.0,12.0,2000-05-28
21.5,12.5,2000-05-29
19.0,10.5,2000-05-30
18.0,12.5,2000-05-31
19.5,12.0,2000-06-01
21.0,12.0,2000-06-02
20.5,14.0,2000-06-03
21.0,14.0,2000-06-04
21.5,12.0,2000-06-05
16.5,13.0,2000-06-06
16.0,13.0,2000-06-07
15.0,13.0,2000-06-08
16.0,13.0,2000-06-09
18.0,12.5,2000-06-10
21.5,12.0,2000-06-11
22.0,13.5,2000-06-12
22.0,11.0,2000-06-13
20.5,14.0,2000-06-14
17.0,14.0,2000-06-15
22.0,15.0,2000-06-16
21.5,15.0,2000-06-17
21.0,14.0,2000-06-18
21.0,13.5,2000-06-19
21.5,14.0,2000-06-20
20.5,14.0,2000-06-21
19.0,14.0,2000-06-22
19.0,13.5,2000-06-23
19.5,14.0,2000-06-24
21.5,11.0,2000-06-25
21.0,12.5,2000-06-26
19.5,13.5,2000-06-27
20.0,14.0,2000-06-28
20.0,14.0,2000-06-29
19.0,14.0,2000-06-30
17.0,14.0,2000-07-01
17.0,13.5,2000-07-02
20.0,13.5,2000-07-03
20.0,14.0,2000-07-04
20.5,14.5,2000-07-05
17.5,15.0,2000-07-06
16.5,14.5,2000-07-07
17.5,13.5,2000-07-08
17.0,15.0,2000-07-09
17.5,14.5,2000-07-10
17.0,14.5,2000-07-11
21.5,14.0,2000-07-12
22.5,14.0,2000-07-13
20.5,14.5,2000-07-14
21.0,14.5,2000-07-15
19.5,14.5,2000-07-16
22.5,13.0,2000-07-17
23.0,14.0,2000-07-18
21.5,14.5,2000-07-19
20.0,13.0,2000-07-20
19.0,13.0,2000-07-21
19.0,13.0,2000-07-22
22.0,12.0,2000-07-23
18.5,14.0,2000-07-24
18.5,14.5,2000-07-25
21.5,14.0,2000-07-26
18.5,14.5,2000-07-27
21.0,13.5,2000-07-28
16.5,14.5,2000-07-29
16.5,14.0,2000-07-30
16.0,14.0,2000-07-31
16.5,14.5,2000-08-01
17.0,14.0,2000-08-02
21.0,14.5,2000-08-03
22.0,14.0,2000-08-04
23.0,12.0,2000-08-05
22.0,15.5,2000-08-06
21.5,15.5,2000-08-07
19.0,14.5,2000-08-08
19.5,14.0,2000-08-09
15.5,13.5,2000-08-10
19.5,13.0,2000-08-11
18.5,14.0,2000-08-12
17.0,14.0,2000-08-13
20.5,13.5,2000-08-14
17.0,14.5,2000-08-15
20.5,13.0,2000-08-16
19.0,14.0,2000-08-17
20.5,14.5,2000-08-18
21.0,14.0,2000-08-19
18.0,14.5,2000-08-20
19.0,14.5,2000-08-21
18.0,13.5,2000-08-22
22.5,14.5,2000-08-23
17.0,15.0,2000-08-24
16.5,13.5,2000-08-25
21.0,14.0,2000-08-26
20.0,13.0,2000-08-27
16.0,14.5,2000-08-28
17.5,13.5,2000-08-29
18.5,14.0,2000-08-30
16.5,14.5,2000-08-31
-99.9,-99.9,2000-09-01
-99.9,-99.9,2000-09-02
-99.9,-99.9,2000-09-03
-99.9,-99.9,2000-09-04
-99.9,-99.9,2000-09-05
-99.9,-99.9,2000-09-06
-99.9,-99.9,2000-09-07
-99.9,-99.9,2000-09-08
-99.9,-99.9,2000-09-09
-99.9,-99.9,2000-09-10
-99.9,-99.9,2000-09-11
-99.9,-99.9,2000-09-12
-99.9,-99.9,2000-09-13
-99.9,-99.9,2000-09-14
-99.9,-99.9,2000-09-15
-99.9,-99.9,2000-09-16
-99.9,-99.9,2000-09-17
-99.9,-99.9,2000-09-18
-99.9,-99.9,2000-09-19
-99.9,-99.9,2000-09-20
-99.9,-99.9,2000-09-21
-99.9,-99.9,2000-09-22
-99.9,-99.9,2000-09-23
-99.9,-99.9,2000-09-24
-99.9,-99.9,2000-09-25
-99.9,-99.9,2000-09-26
-99.9,-99.9,2000-09-27
-99.9,-99.9,2000-09-28
-99.9,-99.9,2000-09-29
-99.9,-99.9,2000-09-30
20.5,6.0,2000-10-01
21.0,7.0,2000-10-02
21.0,9.0,2000-10-03
21.0,10.5,2000-10-04
20.0,11.0,2000-10-05
22.0,9.0,2000-10-06
22.0,9.0,2000-10-07
21.5,9.5,2000-10-08
20.5,10.0,2000-10-09
20.0,7.5,2000-10-10
20.5,7.5,2000-10-11
19.5,8.0,2000-10-12
19.5,6.5,2000-10-13
19.0,5.0,2000-10-14
20.0,6.0,2000-10-15
20.5,5.0,2000-10-16
20.5,5.0,2000-10-17
19.5,6.0,2000-10-18
17.5,7.0,2000-10-19
18.5,7.5,2000-10-20
17.0,7.5,2000-10-21
18.0,7.5,2000-10-22
16.0,7.5,2000-10-23
16.0,7.0,2000-10-24
15.0,5.0,2000-10-25
14.5,6.5,2000-10-26
17.0,7.0,2000-10-27
19.0,4.5,2000-10-28
21.0,5.0,2000-10-29
17.0,5.0,2000-10-30
17.0,4.0,2000-10-31
-99.9,-99.9,2000-11-01
-99.9,-99.9,2000-11-02
-99.9,-99.9,2000-11-03
-99.9,-99.9,2000-11-04
-99.9,-99.9,2000-11-05
-99.9,-99.9,2000-11-06
-99.9,-99.9,2000-11-07
-99.9,-99.9,2000-11-08
-99.9,-99.9,2000-11-09
-99.9,-99.9,2000-11-10
-99.9,-99.9,2000-11-11
-99.9,-99.9,2000-11-12
-99.9,-99.9,2000-11-13
-99.9,-99.9,2000-11-14
-99.9,-99.9,2000-11-15
-99.9,-99.9,2000-11-16
-99.9,-99.9,2000-11-17
-99.9,-99.9,2000-11-18
-99.9,-99.9,2000-11-19
-99.9,-99.9,2000-11-20
-99.9,-99.9,2000-11-21
-99.9,-99.9,2000-11-22
-99.9,-99.9,2000-11-23
-99.9,-99.9,2000-11-24
-99.9,-99.9,2000-11-25
-99.9,-99.9,2000-11-26
-99.9,-99.9,2000-11-27
-99.9,-99.9,2000-11-28
-99.9,-99.9,2000-11-29
-99.9,-99.9,2000-11-30
12.5,2.0,2000-12-01
15.0,2.0,2000-12-02
15.0,1.0,2000-12-03
15.0,1.0,2000-12-04
10.5,5.0,2000-12-05
10.0,0.5,2000-12-06
9.5,0.5,2000-12-07
9.5,0.1,2000-12-08
9.5,-2.0,2000-12-09
9.5,-1.0,2000-12-10
8.0,-1.0,2000-12-11
10.5,-2.0,2000-12-12
10.5,3.0,2000-12-13
10.5,3.0,2000-12-14
10.0,2.0,2000-12-15
10.5,-0.1,2000-12-16
12.5,-0.5,2000-12-17
14.0,2.5,2000-12-18
15.5,2.5,2000-12-19
14.5,2.5,2000-12-20
19.5,1.0,2000-12-21
20.0,-0.5,2000-12-22
14.0,3.0,2000-12-23
13.5,1.0,2000-12-24
13.5,-0.5,2000-12-25
11.0,-0.5,2000-12-26
10.5,1.0,2000-12-27
10.5,-0.5,2000-12-28
10.5,-0.5,2000-12-29
14.0,1.0,2000-12-30
10.5,2.0,2001-01-01
7.0,2.5,2001-01-02
12.0,0.5,2001-01-03
8.0,-1.5,2001-01-04
13.5,-1.5,2001-01-05
11.5,-1.5,2001-01-06
9.0,-3.5,2001-01-07
8.5,-2.5,2001-01-08
8.0,-2.5,2001-01-09
7.5,1.5,2001-01-10
9.0,-0.3,2001-01-11
10.0,-0.1,2001-01-12
10.0,0.5,2001-01-13
11.0,-2.0,2001-01-14
9.0,-2.0,2001-01-15
9.5,-3.0,2001-01-16
11.0,-1.5,2001-01-17
11.5,0.0,2001-01-18
13.5,-0.5,2001-01-19
11.5,-0.1,2001-01-20
12.0,-0.5,2001-01-21
10.0,0.5,2001-01-22
6.5,-2.0,2001-01-23
8.5,-3.5,2001-01-24
8.5,-2.5,2001-01-25
9.5,-1.5,2001-01-26
11.5,0.0,2001-01-27
16.0,0.0,2001-01-28
14.0,0.5,2001-01-29
16.5,3.0,2001-01-30
16.5,6.0,2001-01-31
17.0,4.5,2001-02-01
16.5,-2.5,2001-02-02
14.5,-1.0,2001-02-03
12.0,-0.5,2001-02-04
12.5,-0.5,2001-02-05
12.5,-0.5,2001-02-06
12.0,-0.5,2001-02-07
13.0,-0.5,2001-02-08
11.0,-0.1,2001-02-09
13.0,0.1,2001-02-10
13.5,0.1,2001-02-11
13.0,1.5,2001-02-12
15.0,2.0,2001-02-13
16.0,2.5,2001-02-14
7.5,1.5,2001-02-15
14.5,1.0,2001-02-16
13.5,1.5,2001-02-17
14.5,1.5,2001-02-18
10.6,1.0,2001-02-19
10.6,1.5,2001-02-20
15.0,0.5,2001-02-21
14.0,0.5,2001-02-22
11.5,1.5,2001-02-23
10.5,4.0,2001-02-24
7.5,4.5,2001-02-25
9.5,0.5,2001-02-26
12.0,1.0,2001-02-27
12.5,-0.5,2001-02-28
11.5,2.5,2001-03-01
14.0,-1.5,2001-03-02
16.5,2.0,2001-03-03
14.0,2.0,2001-03-04
12.0,0.5,2001-03-05
10.0,0.5,2001-03-06
14.0,1.5,2001-03-07
14.0,0.5,2001-03-08
13.0,0.5,2001-03-09
14.5,0.5,2001-03-10
15.0,1.0,2001-03-11
14.0,0.0,2001-03-12
11.5,2.5,2001-03-13
13.5,1.5,2001-03-14
13.5,1.0,2001-03-15
15.0,1.0,2001-03-16
14.0,1.0,2001-03-17
15.0,1.5,2001-03-18
16.0,4.0,2001-03-19
16.0,4.5,2001-03-20
15.0,3.0,2001-03-21
13.0,4.0,2001-03-22
15.0,1.0,2001-03-23
15.0,2.5,2001-03-24
16.0,3.0,2001-03-25
17.0,2.0,2001-03-26
17.5,4.5,2001-03-27
17.5,8.0,2001-03-28
14.0,6.0,2001-03-29
17.5,3.5,2001-03-30
17.5,2.0,2001-03-31
12.5,1.0,2001-04-01
14.5,0.0,2001-04-02
18.0,3.0,2001-04-03
18.5,3.5,2001-04-04
20.0,4.5,2001-04-05
13.0,5.0,2001-04-06
21.0,3.5,2001-04-07
20.0,5.0,2001-04-08
18.0,5.0,2001-04-09
19.5,6.0,2001-04-10
21.0,6.5,2001-04-11
22.0,6.5,2001-04-12
15.5,7.5,2001-04-13
15.5,6.0,2001-04-14
16.5,4.0,2001-04-15
16.0,3.0,2001-04-16
16.5,4.0,2001-04-17
12.5,6.0,2001-04-18
16.0,5.0,2001-04-19
16.5,5.0,2001-04-20
16.0,5.0,2001-04-21
16.5,5.0,2001-04-22
19.5,3.5,2001-04-23
19.5,7.0,2001-04-24
18.5,4.5,2001-04-25
20.0,6.0,2001-04-26
20.0,7.5,2001-04-27
21.5,8.5,2001-04-28
21.0,8.0,2001-04-29
21.5,8.5,2001-04-30
20.5,6.0,2001-05-01
18.0,9.0,2001-05-02
17.0,7.5,2001-05-03
14.0,7.0,2001-05-04
19.0,6.0,2001-05-05
18.5,8.0,2001-05-06
18.0,9.5,2001-05-07
21.0,9.5,2001-05-08
20.0,10.5,2001-05-09
21.0,11.0,2001-05-10
20.0,9.0,2001-05-11
21.0,9.0,2001-05-12
22.5,10.5,2001-05-13
20.0,12.0,2001-05-14
18.5,11.0,2001-05-15
14.5,10.0,2001-05-16
17.0,9.0,2001-05-17
19.5,7.5,2001-05-18
19.5,10.5,2001-05-19
19.5,10.0,2001-05-20
17.0,11.5,2001-05-21
20.5,9.5,2001-05-22
21.5,12.0,2001-05-23
20.5,12.0,2001-05-24
20.5,10.5,2001-05-25
20.0,9.0,2001-05-26
18.5,10.5,2001-05-27
20.5,11.0,2001-05-28
20.0,9.5,2001-05-29
18.0,10.0,2001-05-30
20.0,11.0,2001-05-31
21.5,11.0,2001-06-01
18.0,11.0,2001-06-02
17.5,13.5,2001-06-03
17.5,10.5,2001-06-04
17.0,11.5,2001-06-05
19.0,12.0,2001-06-06
20.5,10.5,2001-06-07
19.5,10.0,2001-06-08
21.0,12.0,2001-06-09
19.5,13.0,2001-06-10
23.0,11.0,2001-06-11
24.5,13.0,2001-06-12
22.5,13.0,2001-06-13
23.5,12.5,2001-06-14
20.5,12.5,2001-06-15
18.5,12.5,2001-06-16
18.5,12.5,2001-06-17
20.0,14.0,2001-06-18
19.5,14.5,2001-06-19
18.5,14.0,2001-06-20
19.0,14.2,2001-06-21
17.0,14.5,2001-06-22
18.0,14.0,2001-06-23
21.0,12.5,2001-06-24
17.5,13.0,2001-06-25
-99.9,12.5,2001-06-26
20.5,11.5,2001-06-27
22.0,13.0,2001-06-28
22.5,13.0,2001-06-29
23.0,14.0,2001-06-30
20.5,12.0,2001-07-01
23.5,13.5,2001-07-02
25.0,15.0,2001-07-03
24.0,12.0,2001-07-04
23.5,12.5,2001-07-05
24.5,13.0,2001-07-06
23.5,15.0,2001-07-07
22.5,13.0,2001-07-08
23.0,13.5,2001-07-09
22.0,14.5,2001-07-10
20.0,14.5,2001-07-11
19.5,15.0,2001-07-12
19.5,16.0,2001-07-13
17.5,13.0,2001-07-14
16.0,14.5,2001-07-15
16.5,14.5,2001-07-16
16.5,14.0,2001-07-17
21.0,13.5,2001-07-18
20.0,13.0,2001-07-19
16.0,13.5,2001-07-20
19.5,13.5,2001-07-21
20.0,14.5,2001-07-22
21.5,15.0,2001-07-23
22.0,15.0,2001-07-24
19.0,14.0,2001-07-25
20.0,14.5,2001-07-26
17.0,14.0,2001-07-27
17.0,15.0,2001-07-28
19.0,15.0,2001-07-29
18.5,15.0,2001-07-30
19.0,14.5,2001-07-31
20.5,15.0,2001-08-01
17.5,15.0,2001-08-02
16.0,14.5,2001-08-03
17.0,12.5,2001-08-04
19.5,13.0,2001-08-05
20.0,13.5,2001-08-06
20.0,13.5,2001-08-07
20.0,13.0,2001-08-08
21.0,13.5,2001-08-09
20.0,14.0,2001-08-10
21.0,15.0,2001-08-11
19.0,14.0,2001-08-12
19.0,14.5,2001-08-13
19.5,13.0,2001-08-14
21.0,-99.9,2001-08-15
21.0,14.5,2001-08-16
21.5,14.5,2001-08-17
19.0,15.0,2001-08-18
17.0,15.0,2001-08-19
19.0,14.5,2001-08-20
17.0,15.0,2001-08-21
16.5,14.5,2001-08-22
18.0,13.5,2001-08-23
20.5,12.0,2001-08-24
20.0,12.5,2001-08-25
20.0,13.0,2001-08-26
21.0,13.5,2001-08-27
19.0,15.0,2001-08-28
18.5,12.5,2001-08-29
20.0,11.0,2001-08-30
21.0,13.0,2001-08-31
15.5,12.5,2001-09-01
15.5,11.5,2001-09-02
19.0,11.0,2001-09-03
20.5,11.0,2001-09-04
16.5,13.0,2001-09-05
18.0,12.0,2001-09-06
17.5,12.0,2001-09-07
19.5,12.5,2001-09-08
20.0,13.0,2001-09-09
21.5,13.0,2001-09-10
19.5,9.5,2001-09-11
19.0,11.0,2001-09-12
15.5,11.5,2001-09-13
16.0,11.0,2001-09-14
20.5,11.5,2001-09-15
20.5,10.0,2001-09-16
20.5,9.5,2001-09-17
20.0,12.5,2001-09-18
20.5,8.5,2001-09-19
20.5,14.0,2001-09-20
20.5,9.5,2001-09-21
21.5,11.0,2001-09-22
21.5,10.0,2001-09-23
21.0,12.0,2001-09-24
21.5,11.5,2001-09-25
21.0,10.5,2001-09-26
21.0,10.0,2001-09-27
21.0,10.0,2001-09-28
21.0,10.5,2001-09-29
21.5,10.5,2001-09-30
20.5,10.0,2001-10-01
20.0,9.5,2001-10-02
19.5,11.5,2001-10-03
19.5,11.5,2001-10-04
20.0,11.0,2001-10-05
20.5,9.5,2001-10-06
20.5,10.5,2001-10-07
21.0,11.0,2001-10-08
21.0,10.5,2001-10-09
21.0,10.5,2001-10-10
20.0,-99.9,2001-10-11
20.0,7.0,2001-10-12
20.0,8.5,2001-10-13
19.0,6.0,2001-10-14
18.5,-99.9,2001-10-15
17.5,-99.9,2001-10-16
16.5,5.0,2001-10-17
17.5,11.0,2001-10-18
17.5,6.5,2001-10-19
15.5,6.5,2001-10-20
17.5,11.5,2001-10-21
19.0,5.5,2001-10-22
17.5,5.5,2001-10-23
18.0,5.5,2001-10-24
15.5,6.5,2001-10-25
18.0,5.5,2001-10-26
17.5,5.0,2001-10-27
18.0,6.0,2001-10-28
18.0,5.0,2001-10-29
18.0,6.0,2001-10-30
17.5,5.0,2001-10-31
16.5,5.5,2001-11-01
16.5,6.0,2001-11-02
17.0,6.0,2001-11-03
17.0,6.0,2001-11-04
16.0,6.0,2001-11-05
15.5,6.0,2001-11-06
16.0,3.5,2001-11-07
15.5,2.5,2001-11-08
15.5,5.5,2001-11-09
14.5,4.0,2001-11-10
15.5,5.0,2001-11-11
16.0,2.5,2001-11-12
21.5,4.0,2001-11-13
21.0,3.5,2001-11-14
20.0,5.5,2001-11-15
17.5,5.5,2001-11-16
17.0,5.0,2001-11-17
16.0,0.5,2001-11-18
15.0,0.3,2001-11-19
16.0,5.0,2001-11-20
12.0,0.4,2001-11-21
12.5,0.2,2001-11-22
11.5,0.4,2001-11-23
13.0,0.1,2001-11-24
14.0,0.1,2001-11-25
15.5,0.1,2001-11-26
12.5,0.1,2001-11-27
15.5,0.5,2001-11-28
11.5,0.5,2001-11-29
13.0,0.0,2001-11-30
15.0,0.3,2001-12-01
11.5,0.0,2001-12-02
10.5,0.1,2001-12-03
11.5,0.0,2001-12-04
12.0,0.0,2001-12-05
10.5,0.0,2001-12-06
9.5,0.3,2001-12-07
8.0,0.3,2001-12-08
10.0,0.1,2001-12-09
9.5,0.1,2001-12-10
10.0,0.1,2001-12-11
11.0,0.1,2001-12-12
11.5,0.1,2001-12-13
12.0,0.0,2001-12-14
7.0,0.1,2001-12-15
8.0,0.3,2001-12-16
10.0,0.5,2001-12-17
11.5,0.5,2001-12-18
9.5,0.5,2001-12-19
15.5,0.2,2001-12-20
16.5,0.1,2001-12-21
18.0,0.5,2001-12-22
15.5,0.2,2001-12-23
10.5,0.1,2001-12-24
10.5,0.3,2001-12-25
15.0,0.5,2001-12-26
11.0,0.3,2001-12-27
16.0,0.4,2001-12-28
12.0,0.3,2001-12-29
11.5,0.5,2001-12-30
10.5,0.3,2001-12-31
11.0,0.1,2002-01-01
12.0,0.3,2002-01-02
11.5,-1.5,2002-01-03
11.5,-1.5,2002-01-04
12.0,-1.5,2002-01-05
11.0,-1.0,2002-01-06
12.0,-0.5,2002-01-07
11.0,-2.0,2002-01-08
15.0,-2.5,2002-01-09
16.5,-4.5,2002-01-10
16.0,0.1,2002-01-11
13.0,-3.5,2002-01-12
11.0,-4.5,2002-01-13
7.5,1.0,2002-01-14
10.5,0.1,2002-01-15
8.0,0.1,2002-01-16
7.0,-2.0,2002-01-17
8.5,2.0,2002-01-18
11.0,-1.5,2002-01-19
8.5,-0.5,2002-01-20
10.5,0.1,2002-01-21
10.0,-4.0,2002-01-22
9.5,-3.0,2002-01-23
9.0,-1.5,2002-01-24
8.5,-1.5,2002-01-25
9.0,-0.5,2002-01-26
8.5,-1.5,2002-01-27
6.5,-0.5,2002-01-28
6.0,-0.5,2002-01-29
10.0,1.0,2002-01-30
9.0,0.5,2002-01-31
10.0,0.2,2002-02-01
10.0,0.3,2002-02-02
12.5,0.1,2002-02-03
15.0,0.1,2002-02-04
14.5,0.2,2002-02-05
11.5,0.1,2002-02-06
10.0,3.0,2002-02-07
11.0,3.0,2002-02-08
11.0,0.1,2002-02-09
15.0,0.0,2002-02-10
9.0,2.0,2002-02-11
10.0,2.0,2002-02-12
14.5,0.1,2002-02-13
13.5,1.0,2002-02-14
15.0,2.0,2002-02-15
13.0,2.0,2002-02-16
12.5,3.5,2002-02-17
13.0,3.0,2002-02-18
16.5,1.5,2002-02-19
12.5,2.5,2002-02-20
12.5,1.0,2002-02-21
15.0,2.5,2002-02-22
11.0,3.0,2002-02-23
16.5,2.0,2002-02-24
8.5,0.0,2002-02-25
10.5,0.0,2002-02-26
11.0,1.0,2002-02-27
12.0,1.5,2002-02-28
11.0,2.0,2002-03-01
11.0,4.5,2002-03-02
10.5,1.0,2002-03-03
14.0,2.0,2002-03-04
14.0,2.0,2002-03-05
16.0,2.0,2002-03-06
15.5,3.0,2002-03-07
12.5,5.0,2002-03-08
12.0,2.5,2002-03-09
17.5,3.0,2002-03-10
18.0,2.0,2002-03-11
18.5,6.5,2002-03-12
18.0,6.5,2002-03-13
16.0,5.0,2002-03-14
14.5,5.5,2002-03-15
15.5,3.0,2002-03-16
15.5,3.5,2002-03-17
16.0,3.0,2002-03-18
19.5,5.0,2002-03-19
19.5,6.0,2002-03-20
17.5,7.0,2002-03-21
15.5,5.0,2002-03-22
18.0,3.5,2002-03-23
15.0,5.0,2002-03-24
15.5,5.0,2002-03-25
15.5,4.0,2002-03-26
15.5,3.0,2002-03-27
16.0,3.5,2002-03-28
15.5,3.0,2002-03-29
15.5,3.5,2002-03-30
15.0,5.5,2002-03-31
16.0,5.5,2002-04-01
16.5,4.5,2002-04-02
15.0,3.5,2002-04-03
17.5,3.0,2002-04-04
18.0,7.5,2002-04-05
20.0,7.5,2002-04-06
19.0,5.5,2002-04-07
18.0,8.0,2002-04-08
15.0,7.0,2002-04-09
15.0,3.5,2002-04-10
16.0,2.0,2002-04-11
19.5,3.5,2002-04-12
16.0,5.0,2002-04-13
16.0,6.5,2002-04-14
15.0,8.5,2002-04-15
20.0,7.5,2002-04-16
20.0,9.0,2002-04-17
21.0,7.5,2002-04-18
22.0,10.0,2002-04-19
21.0,9.0,2002-04-20
19.5,7.5,2002-04-21
20.0,6.5,2002-04-22
21.0,7.5,2002-04-23
18.5,7.0,2002-04-24
17.5,7.5,2002-04-25
15.5,8.5,2002-04-26
17.5,3.5,2002-04-27
17.5,6.0,2002-04-28
18.0,7.5,2002-04-29
19.0,5.0,2002-04-30
16.0,5.0,2002-05-01
20.0,6.5,2002-05-02
18.0,8.0,2002-05-03
20.0,7.0,2002-05-04
20.0,7.0,2002-05-05
19.0,6.5,2002-05-06
20.0,9.5,2002-05-07
19.5,10.0,2002-05-08
20.5,11.5,2002-05-09
20.0,11.5,2002-05-10
18.5,11.0,2002-05-11
23.0,10.0,2002-05-12
21.5,12.5,2002-05-13
19.0,13.0,2002-05-14
19.0,10.0,2002-05-15
21.0,12.0,2002-05-16
21.0,12.0,2002-05-17
17.0,11.0,2002-05-18
20.0,9.5,2002-05-19
21.5,9.0,2002-05-20
20.5,8.0,2002-05-21
22.0,9.0,2002-05-22
21.0,11.0,2002-05-23
20.0,10.5,2002-05-24
12.5,10.0,2002-05-25
14.0,8.0,2002-05-26
16.5,8.5,2002-05-27
18.0,10.0,2002-05-28
17.5,10.0,2002-05-29
15.5,9.0,2002-05-30
16.0,9.2,2002-05-31
20.5,11.5,2002-06-01
20.5,10.0,2002-06-02
21.5,10.0,2002-06-03
21.5,12.5,2002-06-04
21.0,12.0,2002-06-05
20.0,10.5,2002-06-06
20.0,11.0,2002-06-07
20.0,10.5,2002-06-08
21.0,14.5,2002-06-09
23.0,13.0,2002-06-10
21.0,11.5,2002-06-11
20.5,14.0,2002-06-12
22.0,15.0,2002-06-13
20.5,10.5,2002-06-14
19.5,12.5,2002-06-15
20.5,12.0,2002-06-16
21.0,14.0,2002-06-17
22.5,13.0,2002-06-18
22.5,15.0,2002-06-19
22.5,14.5,2002-06-20
21.0,13.0,2002-06-21
21.0,11.5,2002-06-22
22.0,13.0,2002-06-23
21.0,14.5,2002-06-24
22.5,10.0,2002-06-25
21.0,13.0,2002-06-26
17.0,12.0,2002-06-27
20.0,14.0,2002-06-28
21.5,15.0,2002-06-29
19.5,16.0,2002-06-30
19.5,15.5,2002-07-01
16.5,15.0,2002-07-02
18.5,14.0,2002-07-03
18.0,14.5,2002-07-04
23.0,13.0,2002-07-05
22.0,15.5,2002-07-06
23.5,15.0,2002-07-07
21.0,15.0,2002-07-08
19.5,14.5,2002-07-09
18.5,15.5,2002-07-10
18.0,15.5,2002-07-11
16.5,14.0,2002-07-12
21.0,12.5,2002-07-13
18.0,15.0,2002-07-14
18.5,15.0,2002-07-15
19.5,14.0,2002-07-16
22.5,12.5,2002-07-17
21.0,15.0,2002-07-18
21.5,13.5,2002-07-19
17.5,15.5,2002-07-20
18.5,15.0,2002-07-21
17.5,15.5,2002-07-22
18.0,15.0,2002-07-23
16.5,14.5,2002-07-24
16.5,14.5,2002-07-25
17.5,14.5,2002-07-26
21.5,15.0,2002-07-27
20.0,15.0,2002-07-28
20.0,14.0,2002-07-29
17.0,13.5,2002-07-30
17.0,12.0,2002-07-31
19.0,14.5,2002-08-01
20.0,14.0,2002-08-02
20.0,14.0,2002-08-03
19.5,12.5,2002-08-04
20.5,14.5,2002-08-05
23.5,15.0,2002-08-06
23.0,13.5,2002-08-07
23.5,12.5,2002-08-08
23.0,14.5,2002-08-09
22.0,15.0,2002-08-10
17.5,15.0,2002-08-11
17.0,14.0,2002-08-12
21.5,13.0,2002-08-13
19.5,12.0,2002-08-14
20.0,14.5,2002-08-15
22.5,16.0,2002-08-16
21.5,12.5,2002-08-17
18.0,14.0,2002-08-18
21.0,14.5,2002-08-19
20.0,15.0,2002-08-20
15.5,13.0,2002-08-21
18.5,13.0,2002-08-22
18.5,11.5,2002-08-23
18.0,12.5,2002-08-24
19.5,13.0,2002-08-25
20.5,12.5,2002-08-26
22.0,14.5,2002-08-27
22.5,15.0,2002-08-28
21.5,14.0,2002-08-29
21.0,13.5,2002-08-30
20.5,12.5,2002-08-31
17.5,14.5,2002-09-01
20.5,12.0,2002-09-02
17.5,14.0,2002-09-03
18.0,13.0,2002-09-04
18.5,12.0,2002-09-05
18.5,12.0,2002-09-06
20.0,11.0,2002-09-07
20.0,10.5,2002-09-08
20.0,10.0,2002-09-09
17.5,10.0,2002-09-10
19.5,11.0,2002-09-11
16.0,12.0,2002-09-12
20.0,10.0,2002-09-13
21.0,10.5,2002-09-14
20.5,13.0,2002-09-15
19.0,12.5,2002-09-16
17.0,11.0,2002-09-17
14.5,11.0,2002-09-18
19.0,8.5,2002-09-19
21.0,8.5,2002-09-20
22.0,7.5,2002-09-21
15.5,10.0,2002-09-22
17.5,11.0,2002-09-23
17.0,10.0,2002-09-24
14.8,11.5,2002-09-25
19.0,11.5,2002-09-26
17.0,11.5,2002-09-27
20.0,8.5,2002-09-28
21.5,9.0,2002-09-29
21.0,10.0,2002-09-30
21.0,9.5,2002-10-01
21.5,9.0,2002-10-02
21.0,9.5,2002-10-03
21.5,9.0,2002-10-04
20.0,8.5,2002-10-05
20.5,9.5,2002-10-06
20.5,9.0,2002-10-07
18.5,7.5,2002-10-08
17.5,5.0,2002-10-09
18.5,8.0,2002-10-10
18.0,7.0,2002-10-11
18.0,6.5,2002-10-12
17.0,5.5,2002-10-13
18.0,5.0,2002-10-14
18.5,7.0,2002-10-15
19.0,6.5,2002-10-16
18.0,6.5,2002-10-17
17.0,5.0,2002-10-18
16.5,4.5,2002-10-19
17.5,5.5,2002-10-20
17.5,6.5,2002-10-21
17.0,6.0,2002-10-22
16.0,6.0,2002-10-23
17.0,5.0,2002-10-24
17.0,5.5,2002-10-25
16.0,6.0,2002-10-26
17.0,4.5,2002-10-27
15.0,4.5,2002-10-28
15.0,4.0,2002-10-29
15.0,6.5,2002-10-30
16.0,4.5,2002-10-31
16.0,5.5,2002-11-01
15.5,4.5,2002-11-02
16.0,3.0,2002-11-03
15.5,3.0,2002-11-04
15.0,2.5,2002-11-05
15.5,2.0,2002-11-06
15.0,4.5,2002-11-07
15.5,4.5,2002-11-08
16.5,4.0,2002-11-09
17.0,3.0,2002-11-10
16.5,2.0,2002-11-11
11.5,4.5,2002-11-12
16.0,2.5,2002-11-13
16.5,4.5,2002-11-14
19.0,4.0,2002-11-15
18.0,5.0,2002-11-16
15.5,3.0,2002-11-17
14.5,4.0,2002-11-18
13.0,3.0,2002-11-19
12.0,5.0,2002-11-20
13.5,0.0,2002-11-21
15.5,3.5,2002-11-22
14.5,4.0,2002-11-23
13.5,3.0,2002-11-24
14.5,5.5,2002-11-25
14.5,3.5,2002-11-26
14.0,0.5,2002-11-27
15.0,3.0,2002-11-28
15.0,3.0,2002-11-29
15.0,4.0,2002-11-30
13.5,5.0,2002-12-01
14.5,2.0,2002-12-02
13.0,2.5,2002-12-03
13.0,3.0,2002-12-04
12.5,-3.5,2002-12-05
13.0,-1.5,2002-12-06
14.5,-0.5,2002-12-07
13.0,2.0,2002-12-08
13.0,3.5,2002-12-09
18.0,1.0,2002-12-10
12.5,1.0,2002-12-11
13.0,1.0,2002-12-12
12.5,-0.5,2002-12-13
12.5,3.5,2002-12-14
11.5,-0.5,2002-12-15
10.5,1.5,2002-12-16
11.5,0.0,2002-12-17
9.5,-0.5,2002-12-18
10.5,1.5,2002-12-19
10.5,0.5,2002-12-20
8.5,0.5,2002-12-21
10.5,0.5,2002-12-22
10.5,-2.5,2002-12-23
7.0,0.5,2002-12-24
8.5,-1.5,2002-12-25
10.0,-3.0,2002-12-26
8.5,-1.0,2002-12-27
6.0,-2.0,2002-12-28
7.0,-3.0,2002-12-29
8.6,-3.0,2002-12-30
6.0,-2.0,2002-12-31
9.5,-5.5,2003-01-01
10.5,-1.0,2003-01-02
12.5,0.0,2003-01-03
9.5,-3.0,2003-01-04
12.5,0.5,2003-01-05
14.5,3.0,2003-01-06
11.0,1.0,2003-01-07
9.5,-2.5,2003-01-08
10.5,-0.5,2003-01-09
12.0,-0.5,2003-01-10
12.0,-0.5,2003-01-11
11.5,-0.5,2003-01-12
11.0,-4.0,2003-01-13
13.5,-2.0,2003-01-14
8.0,-2.0,2003-01-15
13.5,0.0,2003-01-16
14.0,1.5,2003-01-17
13.5,0.5,2003-01-18
18.5,2.0,2003-01-19
15.5,1.0,2003-01-20
12.5,1.0,2003-01-21
10.5,0.0,2003-01-22
10.5,0.0,2003-01-23
9.5,-0.1,2003-01-24
9.5,0.0,2003-01-25
14.0,0.0,2003-01-26
12.0,0.0,2003-01-27
9.0,-0.4,2003-01-28
6.5,2.0,2003-01-29
5.5,0.0,2003-01-30
4.0,1.0,2003-01-31
3.5,-2.0,2003-02-01
9.5,-1.5,2003-02-02
11.5,-0.5,2003-02-03
11.5,0.0,2003-02-04
11.0,0.0,2003-02-05
12.5,0.5,2003-02-06
13.5,-3.0,2003-02-07
10.0,-3.0,2003-02-08
10.0,-2.0,2003-02-09
9.5,0.0,2003-02-10
10.5,-3.0,2003-02-11
9.0,-0.5,2003-02-12
9.0,-0.5,2003-02-13
7.5,0.0,2003-02-14
10.0,0.0,2003-02-15
12.0,0.0,2003-02-16
10.5,2.0,2003-02-17
9.5,3.0,2003-02-18
8.0,0.0,2003-02-19
8.0,0.0,2003-02-20
11.5,0.0,2003-02-21
15.0,0.0,2003-02-22
11.0,3.0,2003-02-23
9.5,1.0,2003-02-24
11.5,2.0,2003-02-25
10.5,3.0,2003-02-26
14.0,-0.1,2003-02-27
13.5,2.0,2003-02-28
6.5,1.5,2003-03-01
8.5,-0.5,2003-03-02
9.0,1.5,2003-03-03
12.0,-0.5,2003-03-04
13.0,1.0,2003-03-05
14.0,-0.5,2003-03-06
15.0,-0.5,2003-03-07
12.0,-0.5,2003-03-08
12.0,1.0,2003-03-09
12.0,1.5,2003-03-10
9.5,2.0,2003-03-11
10.0,1.5,2003-03-12
11.0,0.0,2003-03-13
11.0,-0.5,2003-03-14
11.5,1.5,2003-03-15
10.5,2.0,2003-03-16
11.0,3.5,2003-03-17
11.5,2.0,2003-03-18
12.0,1.0,2003-03-19
12.0,1.5,2003-03-20
13.0,1.5,2003-03-21
13.0,2.0,2003-03-22
12.5,3.0,2003-03-23
13.0,4.0,2003-03-24
11.3,4.5,2003-03-25
11.5,2.0,2003-03-26
11.0,2.0,2003-03-27
10.5,1.0,2003-03-28
10.0,-1.5,2003-03-29
11.0,3.0,2003-03-30
11.5,3.0,2003-03-31
16.5,6.0,2003-04-01
18.0,6.0,2003-04-02
17.5,5.5,2003-04-03
16.0,4.0,2003-04-04
16.5,4.5,2003-04-05
18.5,4.5,2003-04-06
19.5,4.5,2003-04-07
18.5,5.0,2003-04-08
19.5,6.0,2003-04-09
19.0,7.0,2003-04-10
18.5,6.0,2003-04-11
19.5,6.5,2003-04-12
20.0,7.5,2003-04-13
20.5,7.0,2003-04-14
20.5,6.0,2003-04-15
18.0,6.5,2003-04-16
19.5,5.5,2003-04-17
21.0,8.0,2003-04-18
21.0,10.0,2003-04-19
21.0,6.0,2003-04-20
18.5,5.0,2003-04-21
20.5,5.5,2003-04-22
22.0,7.0,2003-04-23
22.0,9.0,2003-04-24
21.0,11.0,2003-04-25
21.5,10.0,2003-04-26
22.0,9.5,2003-04-27
18.0,4.5,2003-04-28
15.0,6.0,2003-04-29
17.0,6.0,2003-04-30
16.0,6.5,2003-05-01
17.0,8.5,2003-05-02
19.5,8.0,2003-05-03
17.5,4.5,2003-05-04
16.5,5.0,2003-05-05
19.0,4.0,2003-05-06
18.5,4.5,2003-05-07
20.5,6.0,2003-05-08
19.0,5.5,2003-05-09
19.0,5.5,2003-05-10
18.5,5.5,2003-05-11
20.0,6.5,2003-05-12
18.0,9.0,2003-05-13
19.0,6.5,2003-05-14
19.0,8.5,2003-05-15
21.0,8.0,2003-05-16
21.0,10.0,2003-05-17
19.0,7.0,2003-05-18
20.0,7.0,2003-05-19
19.5,8.0,2003-05-20
21.5,7.0,2003-05-21
18.0,11.0,2003-05-22
20.0,9.0,2003-05-23
19.5,7.5,2003-05-24
21.0,9.0,2003-05-25
22.0,9.5,2003-05-26
21.0,9.0,2003-05-27
21.5,9.0,2003-05-28
22.0,8.0,2003-05-29
22.5,10.5,2003-05-30
22.5,11.0,2003-05-31
23.0,12.0,2003-06-01
23.5,12.5,2003-06-02
23.5,13.0,2003-06-03
23.5,12.5,2003-06-04
22.0,13.0,2003-06-05
21.0,10.0,2003-06-06
22.0,12.0,2003-06-07
23.0,13.0,2003-06-08
23.5,14.0,2003-06-09
24.0,14.0,2003-06-10
23.0,10.5,2003-06-11
21.0,9.5,2003-06-12
22.0,10.0,2003-06-13
22.0,9.5,2003-06-14
21.5,9.5,2003-06-15
21.5,8.0,2003-06-16
22.0,9.5,2003-06-17
22.5,10.5,2003-06-18
20.0,12.0,2003-06-19
21.0,10.0,2003-06-20
20.5,9.5,2003-06-21
20.0,8.5,2003-06-22
20.0,9.0,2003-06-23
21.0,8.5,2003-06-24
20.5,8.0,2003-06-25
20.0,9.5,2003-06-26
20.0,7.5,2003-06-27
19.0,10.0,2003-06-28
19.0,6.0,2003-06-29
22.0,7.0,2003-06-30
20.0,4.5,2003-07-01
18.5,5.5,2003-07-02
20.0,6.5,2003-07-03
21.0,7.0,2003-07-04
22.0,7.5,2003-07-05
21.5,7.0,2003-07-06
22.0,9.0,2003-07-07
22.5,9.5,2003-07-08
23.5,10.0,2003-07-09
24.0,11.0,2003-07-10
23.5,12.0,2003-07-11
22.5,13.0,2003-07-12
21.5,13.5,2003-07-13
21.0,14.0,2003-07-14
22.0,13.5,2003-07-15
21.5,13.0,2003-07-16
20.0,14.0,2003-07-17
19.0,13.5,2003-07-18
20.0,14.5,2003-07-19
19.0,14.0,2003-07-20
20.5,13.0,2003-07-21
21.0,14.0,2003-07-22
22.0,14.5,2003-07-23
21.0,15.0,2003-07-24
20.0,15.0,2003-07-25
19.5,14.5,2003-07-26
18.5,14.0,2003-07-27
19.5,13.0,2003-07-28
20.0,14.0,2003-07-29
21.0,15.0,2003-07-30
21.5,15.0,2003-07-31
21.0,12.0,2003-08-01
19.0,12.0,2003-08-02
19.5,12.5,2003-08-03
18.5,13.0,2003-08-04
19.5,13.0,2003-08-05
20.0,14.0,2003-08-06
21.0,14.0,2003-08-07
20.0,13.0,2003-08-08
20.0,14.0,2003-08-09
20.5,14.0,2003-08-10
20.0,14.5,2003-08-11
19.0,14.0,2003-08-12
19.0,13.5,2003-08-13
20.0,14.0,2003-08-14
19.0,14.0,2003-08-15
19.0,13.5,2003-08-16
19.5,14.0,2003-08-17
20.0,14.5,2003-08-18
20.0,14.5,2003-08-19
21.0,14.0,2003-08-20
20.5,13.5,2003-08-21
21.0,14.0,2003-08-22
20.0,14.0,2003-08-23
19.5,13.0,2003-08-24
19.0,14.0,2003-08-25
18.0,13.0,2003-08-26
19.0,13.0,2003-08-27
19.0,14.0,2003-08-28
20.0,15.0,2003-08-29
21.0,14.5,2003-08-30
20.5,15.0,2003-08-31
19.5,13.0,2003-09-01
19.0,13.0,2003-09-02
19.0,14.0,2003-09-03
19.5,13.0,2003-09-04
21.0,12.0,2003-09-05
20.0,11.5,2003-09-06
21.0,12.0,2003-09-07
20.0,12.5,2003-09-08
19.5,13.0,2003-09-09
20.5,12.0,2003-09-10
18.0,12.0,2003-09-11
19.0,11.0,2003-09-12
19.5,13.0,2003-09-13
20.0,14.0,2003-09-14
19.0,13.0,2003-09-15
18.5,12.0,2003-09-16
20.0,11.5,2003-09-17
21.0,13.0,2003-09-18
22.5,14.0,2003-09-19
22.0,14.5,2003-09-20
20.0,14.0,2003-09-21
21.0,13.5,2003-09-22
19.0,12.5,2003-09-23
18.5,13.0,2003-09-24
19.0,13.5,2003-09-25
20.0,12.0,2003-09-26
20.5,13.0,2003-09-27
21.0,14.0,2003-09-28
21.5,13.5,2003-09-29
20.5,14.0,2003-09-30
19.5,13.0,2003-10-01
19.0,13.5,2003-10-02
18.0,12.0,2003-10-03
17.5,12.0,2003-10-04
19.0,10.5,2003-10-05
18.5,10.0,2003-10-06
18.0,11.0,2003-10-07
19.5,10.5,2003-10-08
20.0,10.0,2003-10-09
20.0,10.0,2003-10-10
21.0,9.5,2003-10-11
19.5,9.0,2003-10-12
20.0,10.0,2003-10-13
19.0,11.0,2003-10-14
18.0,10.0,2003-10-15
19.0,9.0,2003-10-16
19.5,10.0,2003-10-17
19.5,11.0,2003-10-18
19.0,10.0,2003-10-19
20.0,10.0,2003-10-20
20.0,9.5,2003-10-21
21.0,9.0,2003-10-22
20.0,9.0,2003-10-23
19.0,8.5,2003-10-24
19.0,8.5,2003-10-25
18.0,10.0,2003-10-26
19.0,9.5,2003-10-27
18.5,9.0,2003-10-28
17.5,9.5,2003-10-29
18.0,8.5,2003-10-30
17.0,9.0,2003-10-31
20.0,8.0,2003-11-01
19.5,7.5,2003-11-02
19.0,7.0,2003-11-03
18.0,6.5,2003-11-04
17.0,6.0,2003-11-05
17.5,5.5,2003-11-06
16.0,4.5,2003-11-07
17.0,5.0,2003-11-08
18.0,5.5,2003-11-09
17.5,4.5,2003-11-10
18.5,5.0,2003-11-11
17.0,6.0,2003-11-12
16.5,6.5,2003-11-13
17.0,5.5,2003-11-14
16.0,5.5,2003-11-15
17.0,6.5,2003-11-16
16.0,5.0,2003-11-17
17.0,5.5,2003-11-18
16.0,6.0,2003-11-19
15.0,5.0,2003-11-20
14.0,4.5,2003-11-21
14.0,4.5,2003-11-22
15.0,7.0,2003-11-23
16.0,6.5,2003-11-24
16.5,5.0,2003-11-25
15.5,4.5,2003-11-26
14.0,4.5,2003-11-27
13.5,4.0,2003-11-28
14.0,4.5,2003-11-29
15.0,4.0,2003-11-30
17.0,4.0,2003-12-01
17.0,3.0,2003-12-02
19.0,2.5,2003-12-03
18.0,3.0,2003-12-04
16.0,2.5,2003-12-05
15.0,3.0,2003-12-06
13.0,5.0,2003-12-07
13.5,5.0,2003-12-08
14.0,3.0,2003-12-09
14.0,3.5,2003-12-10
12.5,2.0,2003-12-11
11.0,4.0,2003-12-12
14.0,5.0,2003-12-13
15.0,3.5,2003-12-14
14.5,2.5,2003-12-15
12.5,-0.2,2003-12-16
12.5,-0.3,2003-12-17
17.0,1.0,2003-12-18
15.0,2.0,2003-12-19
14.0,0.5,2003-12-20
13.0,2.0,2003-12-21
12.0,-3.5,2003-12-22
12.0,-1.5,2003-12-23
10.0,-3.0,2003-12-24
9.0,-4.0,2003-12-25
7.5,-1.5,2003-12-26
4.5,0.0,2003-12-27
8.0,-2.5,2003-12-28
9.5,-4.0,2003-12-29
11.5,-3.0,2003-12-30
11.5,1.0,2003-12-31
10.5,-0.5,2004-01-01
10.5,-1.5,2004-01-02
10.5,-1.0,2004-01-03
10.0,-2.0,2004-01-04
9.5,-1.0,2004-01-05
8.5,0.0,2004-01-06
11.5,-0.5,2004-01-07
11.0,-7.0,2004-01-08
11.0,-1.5,2004-01-09
11.0,-1.5,2004-01-10
11.5,0.5,2004-01-11
11.5,-1.5,2004-01-12
6.0,1.5,2004-01-13
8.0,1.5,2004-01-14
10.5,-2.5,2004-01-15
9.0,-2.0,2004-01-16
10.5,-2.5,2004-01-17
9.5,-0.5,2004-01-18
11.5,-1.5,2004-01-19
12.0,-1.0,2004-01-20
7.5,-2.5,2004-01-21
9.5,0.0,2004-01-22
9.0,3.0,2004-01-23
6.5,0.0,2004-01-24
5.5,-3.0,2004-01-25
7.0,-4.0,2004-01-26
6.5,-4.0,2004-01-27
10.5,-3.0,2004-01-28
7.5,-1.5,2004-01-29
9.5,-1.0,2004-01-30
7.5,0.5,2004-01-31
8.5,-1.5,2004-02-01
9.0,-3.5,2004-02-02
10.0,-3.0,2004-02-03
10.0,-3.0,2004-02-04
8.5,-1.5,2004-02-05
2.5,-3.0,2004-02-06
7.5,-0.5,2004-02-07
8.0,-0.2,2004-02-08
13.5,1.0,2004-02-09
9.0,0.5,2004-02-10
13.0,0.5,2004-02-11
13.5,1.0,2004-02-12
13.0,0.0,2004-02-13
11.0,0.0,2004-02-14
9.5,0.0,2004-02-15
17.0,0.0,2004-02-16
12.0,3.0,2004-02-17
10.0,2.0,2004-02-18
8.0,0.0,2004-02-19
10.5,0.0,2004-02-20
12.0,0.5,2004-02-21
12.0,1.0,2004-02-22
15.0,1.0,2004-02-23
15.5,2.0,2004-02-24
16.0,1.5,2004-02-25
16.0,2.5,2004-02-26
16.5,5.0,2004-02-27
15.0,3.5,2004-02-28
17.0,4.0,2004-02-29
17.5,4.0,2004-03-01
18.0,4.5,2004-03-02
18.0,3.5,2004-03-03
17.0,5.0,2004-03-04
19.0,5.0,2004-03-05
17.0,3.0,2004-03-06
18.5,4.0,2004-03-07
21.5,2.5,2004-03-08
21.0,3.0,2004-03-09
17.5,4.0,2004-03-10
15.0,3.0,2004-03-11
11.5,7.0,2004-03-12
17.0,4.0,2004-03-13
16.5,5.0,2004-03-14
16.5,6.0,2004-03-15
18.0,6.0,2004-03-16
20.5,5.0,2004-03-17
18.5,4.5,2004-03-18
20.0,7.5,2004-03-19
23.5,9.0,2004-03-20
20.0,11.0,2004-03-21
21.5,9.5,2004-03-22
23.0,9.5,2004-03-23
22.5,6.0,2004-03-24
22.0,6.0,2004-03-25
22.5,3.5,2004-03-26
18.0,4.5,2004-03-27
19.5,4.5,2004-03-28
20.5,5.0,2004-03-29
18.5,4.5,2004-03-30
16.0,5.0,2004-03-31
19.5,5.0,2004-04-01
16.0,4.5,2004-04-02
19.0,6.5,2004-04-03
19.0,8.0,2004-04-04
20.0,6.5,2004-04-05
20.0,8.5,2004-04-06
20.0,6.0,2004-04-07
17.0,7.0,2004-04-08
17.5,5.5,2004-04-09
21.0,7.0,2004-04-10
21.5,8.0,2004-04-11
20.5,8.5,2004-04-12
20.0,8.0,2004-04-13
19.0,7.0,2004-04-14
21.0,7.5,2004-04-15
21.0,8.0,2004-04-16
21.0,9.0,2004-04-17
20.0,7.5,2004-04-18
20.0,7.5,2004-04-19
20.5,10.0,2004-04-20
20.5,8.5,2004-04-21
17.5,8.0,2004-04-22
13.5,6.0,2004-04-23
14.0,6.0,2004-04-24
15.0,3.0,2004-04-25
18.0,7.0,2004-04-26
15.5,9.0,2004-04-27
18.5,8.5,2004-04-28
17.0,6.5,2004-04-29
14.0,7.0,2004-04-30
19.5,3.0,2004-05-01
17.0,3.5,2004-05-02
19.0,6.0,2004-05-03
18.0,7.0,2004-05-04
17.5,7.0,2004-05-05
21.5,10.0,2004-05-06
22.5,9.0,2004-05-07
21.5,9.5,2004-05-08
21.5,10.5,2004-05-09
21.0,12.0,2004-05-10
22.5,10.0,2004-05-11
22.5,11.0,2004-05-12
22.0,10.0,2004-05-13
23.0,15.0,2004-05-14
24.5,13.0,2004-05-15
24.5,13.0,2004-05-16
24.0,15.5,2004-05-17
23.0,13.0,2004-05-18
20.5,12.0,2004-05-19
16.5,12.0,2004-05-20
18.5,9.5,2004-05-21
16.0,9.0,2004-05-22
16.0,9.5,2004-05-23
17.0,8.5,2004-05-24
16.0,8.0,2004-05-25
17.5,9.0,2004-05-26
18.0,9.5,2004-05-27
18.0,10.0,2004-05-28
19.0,10.0,2004-05-29
18.5,11.0,2004-05-30
19.0,11.5,2004-05-31
18.0,12.0,2004-06-01
16.5,11.0,2004-06-02
18.5,11.0,2004-06-03
19.5,10.0,2004-06-04
16.0,11.0,2004-06-05
16.5,11.5,2004-06-06
17.0,10.5,2004-06-07
18.0,12.0,2004-06-08
19.5,10.0,2004-06-09
20.0,10.5,2004-06-10
21.0,11.5,2004-06-11
22.5,12.0,2004-06-12
23.0,10.0,2004-06-13
22.0,11.5,2004-06-14
21.5,10.0,2004-06-15
20.5,9.0,2004-06-16
20.0,10.0,2004-06-17
21.0,9.0,2004-06-18
20.0,10.5,2004-06-19
19.5,11.0,2004-06-20
19.5,14.0,2004-06-21
21.5,14.0,2004-06-22
20.0,14.0,2004-06-23
21.0,12.0,2004-06-24
21.0,11.5,2004-06-25
22.0,11.0,2004-06-26
22.0,11.5,2004-06-27
23.0,11.0,2004-06-28
23.5,13.5,2004-06-29
23.5,13.5,2004-06-30
18.0,15.5,2004-07-01
22.0,14.0,2004-07-02
17.0,14.0,2004-07-03
20.5,12.0,2004-07-04
18.5,15.0,2004-07-05
19.0,14.5,2004-07-06
19.0,15.0,2004-07-07
16.5,13.0,2004-07-08
18.5,12.0,2004-07-09
19.5,14.5,2004-07-10
16.5,14.5,2004-07-11
19.5,13.0,2004-07-12
18.0,13.0,2004-07-13
18.0,13.0,2004-07-14
17.5,13.0,2004-07-15
19.5,14.0,2004-07-16
20.0,13.0,2004-07-17
19.0,14.0,2004-07-18
19.0,14.0,2004-07-19
19.5,14.0,2004-07-20
19.0,13.0,2004-07-21
17.0,10.0,2004-07-22
19.0,14.0,2004-07-23
20.0,13.5,2004-07-24
15.0,14.0,2004-07-25
19.0,13.5,2004-07-26
17.0,14.0,2004-07-27
17.0,13.0,2004-07-28
19.0,11.5,2004-07-29
20.0,14.0,2004-07-30
20.0,13.0,2004-07-31
20.5,14.0,2004-08-01
21.5,13.0,2004-08-02
20.5,13.5,2004-08-03
20.5,12.5,2004-08-04
18.5,14.5,2004-08-05
20.5,14.5,2004-08-06
20.5,15.0,2004-08-07
19.0,14.5,2004-08-08
21.0,14.5,2004-08-09
21.0,14.0,2004-08-10
21.0,13.0,2004-08-11
19.5,13.5,2004-08-12
22.0,13.5,2004-08-13
21.0,13.5,2004-08-14
22.0,14.0,2004-08-15
21.0,14.0,2004-08-16
22.5,14.0,2004-08-17
21.0,14.5,2004-08-18
18.0,14.5,2004-08-19
17.0,13.5,2004-08-20
18.5,14.0,2004-08-21
21.5,13.5,2004-08-22
21.0,11.5,2004-08-23
21.0,12.0,2004-08-24
20.5,13.5,2004-08-25
21.5,10.3,2004-08-26
22.5,14.5,2004-08-27
17.5,15.0,2004-08-28
21.5,15.0,2004-08-29
17.5,15.5,2004-08-30
19.5,15.0,2004-08-31
21.0,15.0,2004-09-01
21.5,15.0,2004-09-02
21.0,15.0,2004-09-03
20.5,15.0,2004-09-04
22.0,12.5,2004-09-05
21.0,14.5,2004-09-06
21.5,15.0,2004-09-07
21.0,15.5,2004-09-08
21.0,15.0,2004-09-09
20.0,14.0,2004-09-10
18.5,12.0,2004-09-11
20.0,12.3,2004-09-12
21.0,10.5,2004-09-13
19.0,12.0,2004-09-14
20.5,10.5,2004-09-15
18.5,11.0,2004-09-16
18.0,10.5,2004-09-17
19.0,11.0,2004-09-18
20.0,10.0,2004-09-19
16.0,12.0,2004-09-20
16.5,11.0,2004-09-21
16.0,12.0,2004-09-22
20.0,10.5,2004-09-23
19.0,10.0,2004-09-24
20.0,11.0,2004-09-25
18.5,12.5,2004-09-26
18.5,12.5,2004-09-27
18.0,12.5,2004-09-28
18.0,12.0,2004-09-29
15.5,13.0,2004-09-30
17.5,11.0,2004-10-01
16.0,11.5,2004-10-02
13.0,11.0,2004-10-03
17.5,8.5,2004-10-04
17.5,10.5,2004-10-05
17.0,8.5,2004-10-06
17.5,14.0,2004-10-07
18.0,9.5,2004-10-08
18.0,8.5,2004-10-09
19.5,9.5,2004-10-10
16.5,11.0,2004-10-11
11.5,7.5,2004-10-12
19.5,3.0,2004-10-13
15.5,5.0,2004-10-14
16.0,2.0,2004-10-15
17.0,2.0,2004-10-16
17.0,5.0,2004-10-17
17.5,6.5,2004-10-18
17.5,5.5,2004-10-19
17.0,4.5,2004-10-20
16.5,4.5,2004-10-21
16.5,4.5,2004-10-22
15.5,2.5,2004-10-23
15.5,4.0,2004-10-24
14.5,3.5,2004-10-25
14.0,4.0,2004-10-26
13.5,2.0,2004-10-27
14.0,2.0,2004-10-28
13.0,1.5,2004-10-29
13.5,1.5,2004-10-30
14.5,2.5,2004-10-31
13.5,2.5,2004-11-01
13.5,2.5,2004-11-02
13.0,2.0,2004-11-03
13.0,0.0,2004-11-04
14.5,1.0,2004-11-05
16.5,3.5,2004-11-06
16.0,3.0,2004-11-07
15.0,2.5,2004-11-08
13.5,2.5,2004-11-09
12.0,1.5,2004-11-10
12.5,3.0,2004-11-11
12.0,4.0,2004-11-12
10.0,2.5,2004-11-13
12.5,2.5,2004-11-14
12.0,2.5,2004-11-15
13.0,2.0,2004-11-16
12.5,3.5,2004-11-17
12.0,4.5,2004-11-18
17.5,1.5,2004-11-19
17.5,1.0,2004-11-20
13.0,2.0,2004-11-21
12.0,2.5,2004-11-22
6.5,3.0,2004-11-23
10.0,2.0,2004-11-24
11.0,0.5,2004-11-25
11.0,1.5,2004-11-26
10.5,0.0,2004-11-27
11.5,0.0,2004-11-28
14.0,-0.3,2004-11-29
12.0,1.0,2004-11-30
12.0,1.5,2004-12-01
11.5,2.0,2004-12-02
12.0,1.0,2004-12-03
15.0,2.5,2004-12-04
14.0,2.5,2004-12-05
12.0,1.0,2004-12-06
10.5,0.0,2004-12-07
12.5,1.5,2004-12-08
12.0,0.0,2004-12-09
12.5,-0.1,2004-12-10
13.0,-0.1,2004-12-11
12.5,0.0,2004-12-12
12.5,-1.5,2004-12-13
11.5,-1.0,2004-12-14
11.5,-1.0,2004-12-15
12.5,-1.0,2004-12-16
14.5,-1.5,2004-12-17
14.5,-2.0,2004-12-18
12.0,-1.0,2004-12-19
9.0,-3.5,2004-12-20
8.5,-1.0,2004-12-21
8.5,-1.0,2004-12-22
11.5,-3.0,2004-12-23
11.0,-3.0,2004-12-24
8.5,-2.0,2004-12-25
7.5,-2.0,2004-12-26
11.0,-2.0,2004-12-27
9.5,-1.0,2004-12-28
13.0,-1.0,2004-12-29
15.5,-1.0,2004-12-30
12.0,-1.5,2005-01-01
13.5,-1.0,2005-01-02
11.5,-1.0,2005-01-03
14.5,-2.0,2005-01-04
14.5,2.5,2005-01-05
12.0,-3.0,2005-01-06
11.5,-0.5,2005-01-07
9.0,-1.0,2005-01-08
6.0,-1.0,2005-01-09
6.0,-2.0,2005-01-10
8.0,-2.0,2005-01-11
9.5,-2.5,2005-01-12
9.5,-2.5,2005-01-13
10.0,-3.0,2005-01-14
10.0,-1.5,2005-01-15
10.0,-0.5,2005-01-16
7.0,0.0,2005-01-17
1.0,-3.0,2005-01-18
8.5,-3.0,2005-01-19
7.5,-4.0,2005-01-20
10.5,-2.0,2005-01-21
5.5,-1.0,2005-01-22
7.0,-0.2,2005-01-23
10.5,-3.0,2005-01-24
11.0,-3.0,2005-01-25
11.5,-4.0,2005-01-26
10.5,0.0,2005-01-27
3.5,0.0,2005-01-28
9.0,-3.0,2005-01-29
9.0,-4.0,2005-01-30
9.0,0.0,2005-01-31
5.5,0.0,2005-02-01
9.0,-1.0,2005-02-02
11.0,-1.0,2005-02-03
6.5,-0.5,2005-02-04
9.0,-2.0,2005-02-05
7.5,-0.5,2005-02-06
9.0,0.5,2005-02-07
5.0,1.0,2005-02-08
15.0,-1.5,2005-02-09
15.5,2.0,2005-02-10
13.0,2.5,2005-02-11
16.0,1.0,2005-02-12
13.0,0.5,2005-02-13
15.0,1.0,2005-02-14
13.5,2.5,2005-02-15
10.0,2.0,2005-02-16
8.5,-0.5,2005-02-17
9.5,-2.0,2005-02-18
13.5,-2.5,2005-02-19
13.5,-2.0,2005-02-20
13.5,-1.0,2005-02-21
14.5,-0.5,2005-02-22
15.5,-0.5,2005-02-23
15.5,2.0,2005-02-24
15.5,1.5,2005-02-25
15.0,2.5,2005-02-26
14.0,4.0,2005-02-27
15.5,3.5,2005-02-28
15.0,2.5,2005-03-01
16.5,3.0,2005-03-02
18.0,4.0,2005-03-03
19.5,5.0,2005-03-04
14.0,5.0,2005-03-05
17.5,3.0,2005-03-06
17.5,5.0,2005-03-07
15.5,4.5,2005-03-08
18.0,4.5,2005-03-09
14.0,4.0,2005-03-10
11.5,3.5,2005-03-11
13.0,1.0,2005-03-12
16.5,0.5,2005-03-13
16.5,2.0,2005-03-14
17.0,4.0,2005-03-15
16.5,4.5,2005-03-16
17.5,7.0,2005-03-17
15.0,5.0,2005-03-18
15.5,5.0,2005-03-19
16.0,4.0,2005-03-20
18.0,2.5,2005-03-21
15.0,3.5,2005-03-22
13.0,2.0,2005-03-23
10.0,1.5,2005-03-24
12.5,0.0,2005-03-25
13.0,2.0,2005-03-26
15.0,3.5,2005-03-27
16.5,3.5,2005-03-28
15.0,3.0,2005-03-29
17.0,0.0,2005-03-30
16.5,2.0,2005-03-31
17.5,3.5,2005-04-01
16.5,4.5,2005-04-02
17.5,2.5,2005-04-03
19.5,1.5,2005-04-04
19.5,4.5,2005-04-05
16.5,9.5,2005-04-06
17.0,6.5,2005-04-07
17.0,7.0,2005-04-08
15.0,3.0,2005-04-09
16.5,6.5,2005-04-10
17.0,6.0,2005-04-11
20.0,6.0,2005-04-12
20.5,6.5,2005-04-13
20.0,6.0,2005-04-14
20.0,5.5,2005-04-15
21.5,6.0,2005-04-16
20.5,5.0,2005-04-17
20.5,5.2,2005-04-18
18.0,4.0,2005-04-19
19.5,4.0,2005-04-20
20.0,6.5,2005-04-21
19.0,7.5,2005-04-22
19.0,6.5,2005-04-23
20.0,6.5,2005-04-24
19.0,7.0,2005-04-25
18.0,6.0,2005-04-26
18.5,7.0,2005-04-27
13.5,5.5,2005-04-28
15.5,4.5,2005-04-29
16.0,5.0,2005-04-30
14.5,4.5,2005-05-01
17.5,3.5,2005-05-02
16.5,6.0,2005-05-03
17.0,7.5,2005-05-04
15.0,5.5,2005-05-05
12.5,8.0,2005-05-06
15.5,7.0,2005-05-07
15.0,7.5,2005-05-08
18.5,7.0,2005-05-09
18.0,7.5,2005-05-10
20.0,4.5,2005-05-11
18.5,5.0,2005-05-12
19.5,6.0,2005-05-13
21.0,5.0,2005-05-14
20.5,7.0,2005-05-15
21.0,8.5,2005-05-16
20.0,7.5,2005-05-17
20.5,8.0,2005-05-18
20.0,8.0,2005-05-19
20.0,7.5,2005-05-20
20.5,7.5,2005-05-21
21.0,8.0,2005-05-22
21.0,11.0,2005-05-23
21.5,10.0,2005-05-24
21.5,10.0,2005-05-25
24.0,10.0,2005-05-26
23.0,10.0,2005-05-27
23.5,9.5,2005-05-28
22.5,10.5,2005-05-29
21.0,11.0,2005-05-30
24.5,12.5,2005-05-31
22.5,9.5,2005-06-01
22.5,8.5,2005-06-02
21.0,9.0,2005-06-03
20.5,8.5,2005-06-04
18.0,10.0,2005-06-05
20.0,10.0,2005-06-06
18.5,10.0,2005-06-07
19.0,10.0,2005-06-08
22.0,8.5,2005-06-09
23.5,10.0,2005-06-10
23.0,10.5,2005-06-11
23.5,11.0,2005-06-12
24.5,12.5,2005-06-13
23.5,10.5,2005-06-14
24.5,12.5,2005-06-15
25.0,10.5,2005-06-16
24.5,12.5,2005-06-17
23.5,11.0,2005-06-18
28.0,12.3,2005-06-19
23.0,13.0,2005-06-20
20.5,12.0,2005-06-21
20.5,14.0,2005-06-22
18.5,14.0,2005-06-23
22.0,13.2,2005-06-24
24.0,15.2,2005-06-25
21.5,14.5,2005-06-26
21.0,14.0,2005-06-27
22.5,12.5,2005-06-28
22.0,13.5,2005-06-29
20.5,14.0,2005-06-30
20.0,13.5,2005-07-01
17.5,13.0,2005-07-02
17.5,14.5,2005-07-03
16.5,13.0,2005-07-04
17.0,14.0,2005-07-05
16.5,14.0,2005-07-06
22.5,12.5,2005-07-07
23.5,15.2,2005-07-08
20.5,14.5,2005-07-09
16.5,15.8,2005-07-10
19.5,14.3,2005-07-11
18.5,14.5,2005-07-12
19.0,15.0,2005-07-13
16.5,14.0,2005-07-14
19.0,13.5,2005-07-15
17.0,14.5,2005-07-16
15.0,12.5,2005-07-17
16.2,14.0,2005-07-18
19.3,16.2,2005-07-19
18.0,15.0,2005-07-20
20.5,14.5,2005-07-21
18.0,15.0,2005-07-22
19.0,14.5,2005-07-23
20.5,13.5,2005-07-24
21.0,15.0,2005-07-25
22.0,13.0,2005-07-26
20.5,14.0,2005-07-27
21.5,14.5,2005-07-28
21.5,15.5,2005-07-29
21.5,14.0,2005-07-30
21.5,15.5,2005-07-31
23.0,15.5,2005-08-01
21.5,15.5,2005-08-02
21.5,16.0,2005-08-03
21.5,15.5,2005-08-04
22.5,13.5,2005-08-05
17.5,14.5,2005-08-06
18.0,14.5,2005-08-07
21.5,12.5,2005-08-08
22.0,12.5,2005-08-09
22.5,13.5,2005-08-10
22.6,14.5,2005-08-11
17.5,15.5,2005-08-12
19.0,14.0,2005-08-13
19.0,15.0,2005-08-14
19.5,13.5,2005-08-15
20.0,14.7,2005-08-16
19.0,15.1,2005-08-17
19.5,14.5,2005-08-18
18.5,13.0,2005-08-19
19.0,14.0,2005-08-20
17.5,13.0,2005-08-21
17.5,12.0,2005-08-22
16.2,12.5,2005-08-23
19.0,14.0,2005-08-24
17.0,12.5,2005-08-25
19.0,13.0,2005-08-26
21.5,13.0,2005-08-27
19.0,10.5,2005-08-28
21.5,11.0,2005-08-29
22.5,10.0,2005-08-30
22.0,11.0,2005-08-31
23.0,13.0,2005-09-01
20.4,14.5,2005-09-02
21.0,12.3,2005-09-03
17.5,11.0,2005-09-04
20.0,12.5,2005-09-05
16.0,13.5,2005-09-06
21.0,13.2,2005-09-07
23.0,14.0,2005-09-08
22.0,12.4,2005-09-09
21.5,11.5,2005-09-10
21.5,14.5,2005-09-11
21.5,11.2,2005-09-12
21.5,11.0,2005-09-13
16.0,12.0,2005-09-14
18.5,10.5,2005-09-15
15.5,10.0,2005-09-16
15.5,11.0,2005-09-17
19.0,11.5,2005-09-18
21.5,12.5,2005-09-19
23.0,12.0,2005-09-20
18.0,12.5,2005-09-21
15.5,13.0,2005-09-22
19.5,12.0,2005-09-23
20.0,11.5,2005-09-24
20.5,11.0,2005-09-25
20.5,15.0,2005-09-26
21.5,11.5,2005-09-27
21.5,11.0,2005-09-28
21.0,10.5,2005-09-29
21.0,11.0,2005-09-30
20.0,10.5,2005-10-01
21.5,10.0,2005-10-02
20.0,9.0,2005-10-03
18.5,10.0,2005-10-04
18.5,9.5,2005-10-05
19.0,8.0,2005-10-06
14.5,11.0,2005-10-07
17.5,9.5,2005-10-08
17.5,6.0,2005-10-09
18.2,7.0,2005-10-10
19.0,5.5,2005-10-11
18.5,5.5,2005-10-12
18.5,4.0,2005-10-13
18.5,4.5,2005-10-14
18.5,5.5,2005-10-15
19.5,4.5,2005-10-16
19.0,4.0,2005-10-17
18.5,4.0,2005-10-18
17.0,6.0,2005-10-19
10.5,2.5,2005-10-20
14.5,2.0,2005-10-21
16.5,5.5,2005-10-22
19.0,2.5,2005-10-23
19.5,6.0,2005-10-24
18.5,4.5,2005-10-25
15.0,6.0,2005-10-26
16.0,4.5,2005-10-27
17.5,3.5,2005-10-28
16.5,4.5,2005-10-29
14.5,5.0,2005-10-30
13.5,3.0,2005-10-31
13.0,2.5,2005-11-01
14.5,1.0,2005-11-02
14.0,2.0,2005-11-03
13.5,0.1,2005-11-04
13.5,1.0,2005-11-05
15.5,1.0,2005-11-06
15.2,2.0,2005-11-07
17.0,3.0,2005-11-08
17.5,1.0,2005-11-09
17.5,3.5,2005-11-10
16.0,4.0,2005-11-11
16.0,3.0,2005-11-12
14.5,4.0,2005-11-13
16.6,0.5,2005-11-14
14.0,1.0,2005-11-15
14.0,4.0,2005-11-16
13.0,3.0,2005-11-17
13.5,2.5,2005-11-18
13.5,3.0,2005-11-19
13.5,2.5,2005-11-20
13.4,2.0,2005-11-21
13.0,2.0,2005-11-22
13.0,1.0,2005-11-23
13.0,1.5,2005-11-24
12.5,-0.5,2005-11-25
13.0,2.5,2005-11-26
12.5,1.0,2005-11-27
13.5,-0.5,2005-11-28
16.5,-0.5,2005-11-29
15.5,1.5,2005-11-30
13.0,-0.5,2005-12-01
16.0,-1.5,2005-12-02
17.0,1.0,2005-12-03
12.5,-2.5,2005-12-04
19.5,0.0,2005-12-05
11.5,0.0,2005-12-06
12.5,0.0,2005-12-07
11.5,0.0,2005-12-08
11.0,0.0,2005-12-09
10.0,-0.5,2005-12-10
12.5,0.0,2005-12-11
13.0,-0.5,2005-12-12
15.5,0.0,2005-12-13
13.0,2.0,2005-12-14
15.0,2.0,2005-12-15
15.5,2.0,2005-12-16
14.5,1.0,2005-12-17
15.0,-1.5,2005-12-18
12.5,-1.5,2005-12-19
12.6,-0.5,2005-12-20
10.0,0.0,2005-12-21
10.0,-2.5,2005-12-22
7.0,-3.5,2005-12-23
8.0,-2.0,2005-12-24
13.5,-0.5,2005-12-25
17.5,-1.0,2005-12-26
15.0,0.5,2005-12-27
11.0,0.0,2005-12-28
10.2,-2.0,2005-12-29
10.0,0.0,2005-12-30
13.0,1.0,2005-12-31
16.5,-1.0,2006-01-01
17.5,0.5,2006-01-02
15.0,-5.0,2006-01-03
16.0,-2.0,2006-01-04
16.5,-0.5,2006-01-05
14.5,0.0,2006-01-06
15.0,-5.0,2006-01-07
15.5,-5.0,2006-01-08
16.0,-0.5,2006-01-09
14.5,0.5,2006-01-10
15.0,3.0,2006-01-11
13.5,1.0,2006-01-12
12.5,-1.0,2006-01-13
11.5,-1.5,2006-01-14
10.0,-2.0,2006-01-15
11.5,2.5,2006-01-16
13.5,2.5,2006-01-17
13.5,1.5,2006-01-18
16.0,1.5,2006-01-19
14.5,2.0,2006-01-20
13.5,2.0,2006-01-21
13.0,0.5,2006-01-22
12.0,1.6,2006-01-23
9.0,-1.5,2006-01-24
11.5,-2.0,2006-01-25
10.5,-3.0,2006-01-26
12.5,0.0,2006-01-27
13.5,-0.5,2006-01-28
13.0,0.5,2006-01-29
13.0,-0.5,2006-01-30
13.5,1.0,2006-01-31
15.5,3.0,2006-02-01
12.5,3.5,2006-02-02
13.4,2.5,2006-02-03
18.5,1.5,2006-02-04
22.0,3.5,2006-02-05
16.0,4.0,2006-02-06
13.5,4.5,2006-02-07
10.5,1.0,2006-02-08
10.0,1.2,2006-02-09
12.5,1.4,2006-02-10
13.0,-1.0,2006-02-11
13.0,4.0,2006-02-12
12.5,3.0,2006-02-13
15.0,2.0,2006-02-14
12.0,3.5,2006-02-15
12.0,1.0,2006-02-16
15.5,1.0,2006-02-17
16.5,3.5,2006-02-18
18.0,3.5,2006-02-19
16.5,1.0,2006-02-20
18.0,4.0,2006-02-21
17.5,5.0,2006-02-22
19.0,6.0,2006-02-23
20.0,6.0,2006-02-24
19.5,5.0,2006-02-25
20.5,6.5,2006-02-26
19.0,4.5,2006-02-27
17.0,3.6,2006-02-28
19.0,2.0,2006-03-01
16.0,2.0,2006-03-02
16.5,3.5,2006-03-03
16.5,3.0,2006-03-04
11.0,2.0,2006-03-05
14.0,1.0,2006-03-06
15.0,1.5,2006-03-07
16.5,3.0,2006-03-08
17.5,5.0,2006-03-09
9.5,4.5,2006-03-10
6.0,-2.5,2006-03-11
12.5,-1.5,2006-03-12
15.5,1.0,2006-03-13
12.5,2.0,2006-03-14
9.0,3.0,2006-03-15
11.6,3.0,2006-03-16
13.0,0.5,2006-03-17
15.5,0.0,2006-03-18
15.5,3.0,2006-03-19
16.5,3.5,2006-03-20
15.0,4.0,2006-03-21
15.5,4.0,2006-03-22
16.4,3.0,2006-03-23
16.5,5.0,2006-03-24
18.5,4.0,2006-03-25
19.0,4.0,2006-03-26
18.0,4.5,2006-03-27
16.0,3.0,2006-03-28
17.0,2.5,2006-03-29
18.0,3.5,2006-03-30
18.0,2.0,2006-03-31
16.0,6.5,2006-04-01
16.0,4.0,2006-04-02
16.5,3.0,2006-04-03
16.0,4.5,2006-04-04
17.0,6.0,2006-04-05
17.5,7.5,2006-04-06
17.5,7.0,2006-04-07
17.0,4.0,2006-04-08
17.5,8.0,2006-04-09
15.5,7.5,2006-04-10
18.0,5.5,2006-04-11
19.0,5.0,2006-04-12
17.5,7.0,2006-04-13
19.5,5.5,2006-04-14
20.0,5.5,2006-04-15
19.0,5.5,2006-04-16
17.6,6.0,2006-04-17
17.5,6.5,2006-04-18
13.0,3.5,2006-04-19
14.6,3.5,2006-04-20
17.0,4.0,2006-04-21
14.0,7.0,2006-04-22
16.5,5.0,2006-04-23
16.0,5.0,2006-04-24
17.5,6.0,2006-04-25
19.0,6.5,2006-04-26
23.5,6.0,2006-04-27
23.5,7.0,2006-04-28
23.0,8.0,2006-04-29
23.5,8.5,2006-04-30
22.0,10.5,2006-05-01
20.0,9.0,2006-05-02
17.0,6.5,2006-05-03
19.0,7.5,2006-05-04
20.0,7.5,2006-05-05
-99.9,9.5,2006-05-06
-99.9,-99.9,2006-05-07
-99.9,-99.9,2006-05-08
-99.9,-99.9,2006-05-09
-99.9,-99.9,2006-05-10
-99.9,-99.9,2006-05-11
-99.9,-99.9,2006-05-12
-99.9,-99.9,2006-05-13
-99.9,-99.9,2006-05-14
-99.9,-99.9,2006-05-15
-99.9,-99.9,2006-05-16
-99.9,-99.9,2006-05-17
-99.9,-99.9,2006-05-18
-99.9,-99.9,2006-05-19
-99.9,-99.9,2006-05-20
-99.9,-99.9,2006-05-21
-99.9,-99.9,2006-05-22
-99.9,-99.9,2006-05-23
-99.9,-99.9,2006-05-24
-99.9,-99.9,2006-05-25
-99.9,-99.9,2006-05-26
-99.9,-99.9,2006-05-27
-99.9,-99.9,2006-05-28
-99.9,-99.9,2006-05-29
-99.9,-99.9,2006-05-30
-99.9,-99.9,2006-05-31
-99.9,-99.9,2006-06-01
-99.9,-99.9,2006-06-02
-99.9,-99.9,2006-06-03
-99.9,-99.9,2006-06-04
-99.9,-99.9,2006-06-05
-99.9,-99.9,2006-06-06
-99.9,-99.9,2006-06-07
-99.9,-99.9,2006-06-08
-99.9,-99.9,2006-06-09
-99.9,-99.9,2006-06-10
-99.9,-99.9,2006-06-11
-99.9,-99.9,2006-06-12
-99.9,-99.9,2006-06-13
-99.9,-99.9,2006-06-14
-99.9,-99.9,2006-06-15
-99.9,-99.9,2006-06-16
-99.9,-99.9,2006-06-17
-99.9,-99.9,2006-06-18
-99.9,-99.9,2006-06-19
-99.9,-99.9,2006-06-20
-99.9,-99.9,2006-06-21
-99.9,-99.9,2006-06-22
-99.9,-99.9,2006-06-23
-99.9,-99.9,2006-06-24
-99.9,-99.9,2006-06-25
-99.9,-99.9,2006-06-26
-99.9,-99.9,2006-06-27
-99.9,-99.9,2006-06-28
-99.9,-99.9,2006-06-29
-99.9,-99.9,2006-06-30
-99.9,-99.9,2006-07-01
-99.9,-99.9,2006-07-02
-99.9,-99.9,2006-07-03
-99.9,-99.9,2006-07-04
-99.9,-99.9,2006-07-05
-99.9,-99.9,2006-07-06
-99.9,-99.9,2006-07-07
-99.9,-99.9,2006-07-08
-99.9,-99.9,2006-07-09
-99.9,-99.9,2006-07-10
-99.9,-99.9,2006-07-11
-99.9,-99.9,2006-07-12
-99.9,-99.9,2006-07-13
-99.9,-99.9,2006-07-14
-99.9,-99.9,2006-07-15
-99.9,-99.9,2006-07-16
-99.9,-99.9,2006-07-17
-99.9,-99.9,2006-07-18
-99.9,-99.9,2006-07-19
-99.9,-99.9,2006-07-20
-99.9,-99.9,2006-07-21
-99.9,-99.9,2006-07-22
-99.9,-99.9,2006-07-23
-99.9,-99.9,2006-07-24
-99.9,-99.9,2006-07-25
-99.9,-99.9,2006-07-26
-99.9,-99.9,2006-07-27
-99.9,-99.9,2006-07-28
-99.9,-99.9,2006-07-29
-99.9,-99.9,2006-07-30
-99.9,-99.9,2006-07-31
-99.9,-99.9,2006-08-01
-99.9,-99.9,2006-08-02
-99.9,-99.9,2006-08-03
-99.9,-99.9,2006-08-04
-99.9,-99.9,2006-08-05
-99.9,-99.9,2006-08-06
-99.9,-99.9,2006-08-07
-99.9,-99.9,2006-08-08
-99.9,-99.9,2006-08-09
-99.9,-99.9,2006-08-10
-99.9,-99.9,2006-08-11
-99.9,-99.9,2006-08-12
-99.9,-99.9,2006-08-13
-99.9,-99.9,2006-08-14
-99.9,-99.9,2006-08-15
-99.9,-99.9,2006-08-16
-99.9,-99.9,2006-08-17
-99.9,-99.9,2006-08-18
-99.9,-99.9,2006-08-19
-99.9,-99.9,2006-08-20
-99.9,-99.9,2006-08-21
-99.9,-99.9,2006-08-22
-99.9,-99.9,2006-08-23
-99.9,-99.9,2006-08-24
-99.9,-99.9,2006-08-25
-99.9,-99.9,2006-08-26
-99.9,-99.9,2006-08-27
-99.9,-99.9,2006-08-28
-99.9,-99.9,2006-08-29
-99.9,-99.9,2006-08-30
-99.9,-99.9,2006-08-31
22.0,9.5,2006-09-01
23.0,8.5,2006-09-02
23.5,9.0,2006-09-03
23.5,10.0,2006-09-04
23.0,10.0,2006-09-05
23.5,11.0,2006-09-06
21.0,11.0,2006-09-07
20.0,15.0,2006-09-08
20.0,15.0,2006-09-09
18.0,12.0,2006-09-10
16.0,13.0,2006-09-11
15.5,12.0,2006-09-12
19.5,11.5,2006-09-13
21.5,12.0,2006-09-14
21.0,9.5,2006-09-15
21.0,9.5,2006-09-16
22.0,10.0,2006-09-17
21.5,12.0,2006-09-18
22.0,13.0,2006-09-19
23.0,14.0,2006-09-20
23.0,13.0,2006-09-21
23.5,12.5,2006-09-22
15.0,13.0,2006-09-23
16.5,12.5,2006-09-24
19.0,12.0,2006-09-25
20.5,10.0,2006-09-26
21.0,10.5,2006-09-27
22.0,9.0,2006-09-28
21.5,9.5,2006-09-29
22.0,10.5,2006-09-30
22.0,10.5,2006-10-01
20.5,10.5,2006-10-02
20.5,10.5,2006-10-03
20.5,10.0,2006-10-04
21.5,8.0,2006-10-05
20.5,8.0,2006-10-06
20.5,9.0,2006-10-07
18.5,8.2,2006-10-08
19.0,9.0,2006-10-09
19.5,9.5,2006-10-10
17.5,9.5,2006-10-11
15.5,10.5,2006-10-12
16.0,8.0,2006-10-13
17.0,8.5,2006-10-14
18.5,9.0,2006-10-15
18.0,7.0,2006-10-16
18.0,6.0,2006-10-17
17.0,6.0,2006-10-18
16.0,5.0,2006-10-19
14.5,6.0,2006-10-20
14.5,5.0,2006-10-21
13.0,3.0,2006-10-22
13.5,4.0,2006-10-23
15.5,2.5,2006-10-24
17.0,4.0,2006-10-25
18.0,4.0,2006-10-26
16.0,4.0,2006-10-27
16.0,3.5,2006-10-28
17.4,4.0,2006-10-29
19.0,5.0,2006-10-30
18.0,5.0,2006-10-31
18.0,5.0,2006-11-01
17.5,4.0,2006-11-02
16.5,7.0,2006-11-03
19.0,6.0,2006-11-04
18.5,5.5,2006-11-05
17.5,4.5,2006-11-06
16.5,4.5,2006-11-07
15.5,2.5,2006-11-08
16.0,3.5,2006-11-09
17.0,3.5,2006-11-10
15.5,2.5,2006-11-11
16.0,3.0,2006-11-12
15.0,4.5,2006-11-13
15.5,6.0,2006-11-14
15.5,5.0,2006-11-15
14.5,3.0,2006-11-16
14.0,3.5,2006-11-17
12.5,3.0,2006-11-18
11.0,2.0,2006-11-19
12.5,1.5,2006-11-20
10.5,3.0,2006-11-21
12.0,3.4,2006-11-22
10.5,2.6,2006-11-23
10.5,1.0,2006-11-24
11.2,0.5,2006-11-25
11.5,0.2,2006-11-26
10.0,0.3,2006-11-27
10.2,0.5,2006-11-28
10.5,0.0,2006-11-29
12.5,0.1,2006-11-30
12.5,1.0,2006-12-01
13.0,1.5,2006-12-02
16.5,1.0,2006-12-03
13.0,1.0,2006-12-04
13.0,2.5,2006-12-05
16.0,3.5,2006-12-06
10.5,3.0,2006-12-07
11.0,3.5,2006-12-08
12.0,1.0,2006-12-09
12.5,1.0,2006-12-10
13.0,1.0,2006-12-11
7.5,-0.5,2006-12-12
13.5,-1.0,2006-12-13
10.0,0.0,2006-12-14
20.0,-1.5,2006-12-15
15.5,-1.0,2006-12-16
12.5,2.5,2006-12-17
10.0,4.5,2006-12-18
9.0,1.0,2006-12-19
12.0,0.0,2006-12-20
12.0,2.0,2006-12-21
12.0,1.0,2006-12-22
11.5,1.5,2006-12-23
10.5,1.0,2006-12-24
12.5,0.0,2006-12-25
12.0,1.5,2006-12-26
9.5,0.0,2006-12-27
9.5,-0.2,2006-12-28
9.5,-0.5,2006-12-29
10.0,-1.0,2006-12-30
10.0,-1.5,2006-12-31
10.0,1.0,2007-01-01
9.5,-0.5,2007-01-02
14.0,1.5,2007-01-03
14.0,2.2,2007-01-04
14.6,2.0,2007-01-05
11.0,-2.5,2007-01-06
11.0,-2.5,2007-01-07
10.5,-2.0,2007-01-08
11.0,0.0,2007-01-09
11.0,-2.5,2007-01-10
11.0,-1.5,2007-01-11
8.5,0.0,2007-01-12
8.5,-5.5,2007-01-13
8.5,-3.5,2007-01-14
8.0,-3.0,2007-01-15
6.0,-4.0,2007-01-16
7.0,-4.0,2007-01-17
7.5,-4.0,2007-01-18
8.5,-3.0,2007-01-19
9.0,-3.5,2007-01-20
8.0,-0.1,2007-01-21
9.5,-0.1,2007-01-22
8.5,-3.5,2007-01-23
11.5,-1.5,2007-01-24
13.5,0.0,2007-01-25
13.0,1.5,2007-01-26
17.0,2.5,2007-01-27
13.0,3.0,2007-01-28
14.0,0.5,2007-01-29
12.5,2.0,2007-01-30
12.5,0.0,2007-01-31
15.0,0.5,2007-02-01
13.0,-1.0,2007-02-02
10.5,3.0,2007-02-03
7.0,3.4,2007-02-04
4.5,3.0,2007-02-05
4.5,2.2,2007-02-06
6.5,2.0,2007-02-07
8.5,-0.5,2007-02-08
11.0,-0.5,2007-02-09
12.0,2.2,2007-02-10
5.5,1.0,2007-02-11
8.5,-1.0,2007-02-12
10.0,-2.0,2007-02-13
8.0,-4.0,2007-02-14
7.5,-5.5,2007-02-15
4.0,-1.5,2007-02-16
7.0,-0.4,2007-02-17
9.0,-3.5,2007-02-18
8.5,-2.0,2007-02-19
13.5,-2.0,2007-02-20
12.2,0.0,2007-02-21
13.0,0.0,2007-02-22
12.0,1.5,2007-02-23
13.5,4.0,2007-02-24
8.0,0.5,2007-02-25
9.5,-1.0,2007-02-26
11.5,-0.5,2007-02-27
10.0,1.5,2007-02-28
4.5,0.5,2007-03-01
7.5,-0.5,2007-03-02
14.0,0.0,2007-03-03
14.0,1.5,2007-03-04
13.0,1.0,2007-03-05
13.0,2.0,2007-03-06
14.0,1.0,2007-03-07
12.5,3.0,2007-03-08
12.0,2.0,2007-03-09
12.0,2.5,2007-03-10
12.5,0.5,2007-03-11
8.5,1.5,2007-03-12
8.0,0.0,2007-03-13
8.0,2.5,2007-03-14
10.0,-2.0,2007-03-15
14.5,-1.0,2007-03-16
17.0,1.0,2007-03-17
20.5,1.5,2007-03-18
19.5,3.5,2007-03-19
19.5,3.6,2007-03-20
13.0,5.5,2007-03-21
17.5,4.5,2007-03-22
18.5,5.5,2007-03-23
19.5,5.0,2007-03-24
18.5,4.0,2007-03-25
18.5,6.0,2007-03-26
20.0,4.5,2007-03-27
18.5,6.0,2007-03-28
20.5,7.0,2007-03-29
20.6,7.5,2007-03-30
21.0,8.5,2007-03-31
21.6,4.0,2007-04-01
22.0,8.0,2007-04-02
22.5,6.5,2007-04-03
21.0,7.5,2007-04-04
19.0,7.5,2007-04-05
17.5,6.0,2007-04-06
18.0,7.0,2007-04-07
19.0,6.0,2007-04-08
17.0,5.0,2007-04-09
18.5,4.0,2007-04-10
18.5,6.0,2007-04-11
20.5,7.5,2007-04-12
19.0,5.6,2007-04-13
19.5,6.0,2007-04-14
22.5,9.2,2007-04-15
20.5,9.5,2007-04-16
21.5,6.3,2007-04-17
19.0,9.0,2007-04-18
19.5,7.5,2007-04-19
20.0,7.5,2007-04-20
20.0,8.5,2007-04-21
18.5,7.5,2007-04-22
19.5,6.0,2007-04-23
19.0,7.6,2007-04-24
17.6,6.5,2007-04-25
18.5,6.0,2007-04-26
22.0,4.5,2007-04-27
22.0,5.0,2007-04-28
22.0,5.0,2007-04-29
20.5,8.0,2007-04-30
21.5,8.0,2007-05-01
22.0,10.0,2007-05-02
23.0,7.5,2007-05-03
22.0,8.0,2007-05-04
21.5,9.0,2007-05-05
21.0,8.5,2007-05-06
18.0,9.5,2007-05-07
19.0,7.5,2007-05-08
19.0,10.0,2007-05-09
21.5,7.5,2007-05-10
21.5,9.0,2007-05-11
19.0,8.0,2007-05-12
19.2,6.0,2007-05-13
20.0,8.5,2007-05-14
21.5,10.0,2007-05-15
21.5,12.5,2007-05-16
22.0,11.0,2007-05-17
20.5,13.0,2007-05-18
21.5,13.0,2007-05-19
22.5,9.5,2007-05-20
20.0,12.0,2007-05-21
23.5,12.0,2007-05-22
22.0,10.5,2007-05-23
20.5,10.5,2007-05-24
22.6,7.5,2007-05-25
22.5,8.0,2007-05-26
24.5,8.0,2007-05-27
24.0,8.5,2007-05-28
22.0,9.0,2007-05-29
22.5,7.5,2007-05-30
23.6,7.5,2007-05-31
24.5,7.5,2007-06-01
24.0,9.5,2007-06-02
24.0,8.0,2007-06-03
24.0,9.0,2007-06-04
21.5,10.0,2007-06-05
23.0,12.0,2007-06-06
20.5,13.0,2007-06-07
18.5,13.4,2007-06-08
20.5,15.0,2007-06-09
18.0,13.0,2007-06-10
17.5,15.0,2007-06-11
23.5,13.5,2007-06-12
21.0,15.0,2007-06-13
17.5,12.0,2007-06-14
17.5,13.0,2007-06-15
19.0,13.0,2007-06-16
20.5,14.0,2007-06-17
20.5,14.0,2007-06-18
20.0,13.5,2007-06-19
21.5,13.5,2007-06-20
22.5,13.6,2007-06-21
22.0,12.5,2007-06-22
20.5,13.5,2007-06-23
19.2,14.5,2007-06-24
19.0,14.5,2007-06-25
23.0,13.0,2007-06-26
21.0,14.5,2007-06-27
21.5,14.0,2007-06-28
23.0,15.0,2007-06-29
24.5,14.5,2007-06-30
20.5,15.0,2007-07-01
20.0,14.5,2007-07-02
22.0,14.5,2007-07-03
22.5,13.0,2007-07-04
23.0,15.0,2007-07-05
22.5,14.0,2007-07-06
22.0,16.0,2007-07-07
18.5,13.0,2007-07-08
21.5,14.5,2007-07-09
22.0,15.0,2007-07-10
18.0,15.5,2007-07-11
22.0,15.2,2007-07-12
20.0,15.0,2007-07-13
21.5,14.0,2007-07-14
21.6,14.2,2007-07-15
19.5,14.5,2007-07-16
18.5,14.0,2007-07-17
17.5,14.5,2007-07-18
21.5,14.5,2007-07-19
18.5,15.0,2007-07-20
19.5,14.0,2007-07-21
17.0,14.5,2007-07-22
16.6,13.5,2007-07-23
16.2,14.5,2007-07-24
17.0,14.0,2007-07-25
16.0,14.5,2007-07-26
16.5,14.0,2007-07-27
15.5,12.5,2007-07-28
16.5,14.0,2007-07-29
16.5,14.0,2007-07-30
16.0,14.0,2007-07-31
19.5,14.0,2007-08-01
17.5,14.5,2007-08-02
20.5,14.5,2007-08-03
21.5,14.5,2007-08-04
20.0,14.5,2007-08-05
22.0,15.0,2007-08-06
24.0,13.5,2007-08-07
21.2,15.5,2007-08-08
22.5,14.5,2007-08-09
25.0,15.5,2007-08-10
24.5,14.5,2007-08-11
19.6,15.5,2007-08-12
17.0,14.0,2007-08-13
16.6,15.0,2007-08-14
20.0,14.0,2007-08-15
17.0,14.5,2007-08-16
17.0,14.5,2007-08-17
16.0,13.0,2007-08-18
17.0,14.0,2007-08-19
19.5,11.0,2007-08-20
21.0,10.5,2007-08-21
22.5,10.6,2007-08-22
19.5,14.0,2007-08-23
16.0,13.0,2007-08-24
22.0,13.0,2007-08-25
18.5,13.5,2007-08-26
21.5,13.0,2007-08-27
19.5,13.5,2007-08-28
20.0,13.5,2007-08-29
18.5,14.0,2007-08-30
17.0,15.0,2007-08-31
21.5,13.0,2007-09-01
20.5,14.5,2007-09-02
21.2,15.0,2007-09-03
17.0,14.5,2007-09-04
16.0,13.5,2007-09-05
17.5,11.5,2007-09-06
19.5,12.0,2007-09-07
20.5,13.0,2007-09-08
21.0,16.0,2007-09-09
22.0,13.5,2007-09-10
21.5,12.5,2007-09-11
21.5,14.5,2007-09-12
22.0,13.5,2007-09-13
18.5,13.5,2007-09-14
20.5,13.0,2007-09-15
20.5,13.5,2007-09-16
21.0,11.5,2007-09-17
20.5,12.5,2007-09-18
22.0,13.5,2007-09-19
22.0,12.4,2007-09-20
21.0,12.0,2007-09-21
21.0,11.0,2007-09-22
21.0,13.6,2007-09-23
21.0,13.0,2007-09-24
21.5,12.5,2007-09-25
14.0,11.0,2007-09-26
18.0,12.5,2007-09-27
13.5,11.5,2007-09-28
12.5,11.5,2007-09-29
16.6,9.0,2007-09-30
21.0,10.5,2007-10-01
21.5,9.5,2007-10-02
21.0,11.0,2007-10-03
20.5,8.0,2007-10-04
21.6,9.5,2007-10-05
22.0,10.5,2007-10-06
21.8,10.5,2007-10-07
21.6,9.5,2007-10-08
21.0,9.0,2007-10-09
19.5,9.5,2007-10-10
19.0,10.5,2007-10-11
18.5,10.5,2007-10-12
18.0,9.5,2007-10-13
16.0,9.5,2007-10-14
19.0,6.0,2007-10-15
12.0,6.0,2007-10-16
16.5,6.0,2007-10-17
17.0,5.2,2007-10-18
16.5,5.0,2007-10-19
17.8,4.5,2007-10-20
15.5,3.0,2007-10-21
16.0,5.5,2007-10-22
15.5,3.5,2007-10-23
15.0,5.0,2007-10-24
17.5,5.5,2007-10-25
17.0,5.5,2007-10-26
17.5,6.0,2007-10-27
16.5,6.5,2007-10-28
15.5,6.0,2007-10-29
14.5,9.5,2007-10-30
17.2,6.0,2007-10-31
16.5,6.5,2007-11-01
15.5,5.0,2007-11-02
15.0,5.0,2007-11-03
17.0,6.5,2007-11-04
14.6,8.0,2007-11-05
12.5,8.0,2007-11-06
13.0,8.0,2007-11-07
13.5,6.5,2007-11-08
13.5,3.0,2007-11-09
13.5,1.0,2007-11-10
13.5,2.0,2007-11-11
12.5,2.0,2007-11-12
12.5,1.0,2007-11-13
13.5,0.5,2007-11-14
17.6,2.0,2007-11-15
16.5,2.0,2007-11-16
16.0,2.2,2007-11-17
16.5,2.0,2007-11-18
14.0,2.0,2007-11-19
15.0,0.0,2007-11-20
13.2,1.0,2007-11-21
14.5,0.0,2007-11-22
18.5,3.0,2007-11-23
17.0,2.5,2007-11-24
10.3,3.0,2007-11-25
9.5,0.0,2007-11-26
13.0,1.0,2007-11-27
12.5,0.0,2007-11-28
11.5,0.0,2007-11-29
12.5,-0.5,2007-11-30
13.5,1.0,2007-12-01
10.0,0.0,2007-12-02
7.5,2.0,2007-12-03
15.0,0.0,2007-12-04
12.5,1.5,2007-12-05
12.0,-0.5,2007-12-06
12.5,0.5,2007-12-07
11.5,-1.5,2007-12-08
14.5,0.5,2007-12-09
6.0,2.5,2007-12-10
6.5,-0.5,2007-12-11
12.0,-1.5,2007-12-12
11.0,2.0,2007-12-13
11.5,-3.0,2007-12-14
10.0,-6.0,2007-12-15
12.0,-2.0,2007-12-16
12.0,2.5,2007-12-17
15.0,0.0,2007-12-18
13.5,0.5,2007-12-19
15.5,1.5,2007-12-20
19.5,0.0,2007-12-21
21.5,0.0,2007-12-22
21.5,0.0,2007-12-23
13.0,1.0,2007-12-24
12.5,-0.5,2007-12-25
14.5,1.5,2007-12-26
13.5,1.5,2007-12-27
15.0,2.5,2007-12-28
16.0,1.5,2007-12-29
14.5,0.0,2007-12-30
14.5,1.0,2007-12-31
12.0,-1.5,2008-01-01
12.0,-4.0,2008-01-02
12.0,-4.5,2008-01-03
13.5,1.5,2008-01-04
15.5,-2.5,2008-01-05
11.5,1.5,2008-01-06
16.5,0.0,2008-01-07
18.0,0.2,2008-01-08
11.0,0.3,2008-01-09
14.0,2.5,2008-01-10
11.5,2.5,2008-01-11
13.0,0.0,2008-01-12
11.5,0.0,2008-01-13
11.5,1.0,2008-01-14
12.5,0.0,2008-01-15
18.0,0.0,2008-01-16
11.5,1.0,2008-01-17
9.5,0.3,2008-01-18
10.0,0.0,2008-01-19
9.0,0.0,2008-01-20
8.5,0.3,2008-01-21
4.5,-1.0,2008-01-22
5.5,-1.0,2008-01-23
6.0,-2.0,2008-01-24
2.5,-2.0,2008-01-25
3.5,-1.0,2008-01-26
4.5,-0.5,2008-01-27
9.0,1.0,2008-01-28
4.5,-2.0,2008-01-29
2.0,-3.0,2008-01-30
1.0,-3.0,2008-01-31
9.0,0.0,2008-02-01
6.0,-0.5,2008-02-02
6.5,-3.0,2008-02-03
9.5,-0.3,2008-02-04
10.5,-0.6,2008-02-05
13.0,-0.4,2008-02-06
11.5,-0.2,2008-02-07
15.5,-0.2,2008-02-08
10.5,1.0,2008-02-09
12.5,-4.0,2008-02-10
12.5,-4.5,2008-02-11
11.0,-0.5,2008-02-12
10.0,-0.2,2008-02-13
12.5,-0.5,2008-02-14
7.5,-2.0,2008-02-15
10.0,-2.5,2008-02-16
6.5,0.0,2008-02-17
7.5,1.0,2008-02-18
4.5,-1.5,2008-02-19
10.5,-0.4,2008-02-20
15.0,-1.0,2008-02-21
12.0,0.0,2008-02-22
12.0,2.2,2008-02-23
12.5,0.0,2008-02-24
11.5,0.0,2008-02-25
10.5,-0.5,2008-02-26
10.5,0.0,2008-02-27
14.3,1.5,2008-02-28
15.5,4.0,2008-02-29
12.0,2.0,2008-03-01
11.0,5.0,2008-03-02
9.0,4.0,2008-03-03
12.0,0.5,2008-03-04
14.5,0.0,2008-03-05
14.5,1.0,2008-03-06
14.5,2.0,2008-03-07
12.5,0.0,2008-03-08
15.5,2.0,2008-03-09
18.0,1.5,2008-03-10
17.5,5.0,2008-03-11
20.0,6.5,2008-03-12
20.0,7.5,2008-03-13
15.0,5.5,2008-03-14
16.0,3.5,2008-03-15
17.0,3.2,2008-03-16
16.0,2.0,2008-03-17
13.0,3.5,2008-03-18
16.0,4.0,2008-03-19
13.5,2.0,2008-03-20
15.0,2.5,2008-03-21
16.0,3.0,2008-03-22
16.0,2.5,2008-03-23
14.6,4.0,2008-03-24
18.0,4.0,2008-03-25
18.0,3.0,2008-03-26
17.0,3.0,2008-03-27
16.0,3.4,2008-03-28
15.0,5.0,2008-03-29
16.0,2.0,2008-03-30
16.0,3.5,2008-03-31
13.5,2.5,2008-04-01
13.6,3.0,2008-04-02
14.5,3.0,2008-04-03
13.5,1.5,2008-04-04
14.0,2.5,2008-04-05
9.2,3.0,2008-04-06
15.0,2.0,2008-04-07
19.0,4.0,2008-04-08
19.5,5.5,2008-04-09
20.5,6.5,2008-04-10
19.0,1.0,2008-04-11
16.5,5.5,2008-04-12
16.5,4.5,2008-04-13
18.0,5.0,2008-04-14
19.5,5.5,2008-04-15
19.5,6.5,2008-04-16
19.0,5.5,2008-04-17
19.5,5.0,2008-04-18
20.5,5.0,2008-04-19
21.0,6.5,2008-04-20
21.0,7.0,2008-04-21
21.0,7.5,2008-04-22
20.5,9.5,2008-04-23
21.6,9.5,2008-04-24
21.0,9.0,2008-04-25
23.5,8.5,2008-04-26
21.5,7.5,2008-04-27
21.0,6.0,2008-04-28
22.2,9.0,2008-04-29
22.5,9.0,2008-04-30
21.0,7.0,2008-05-01
21.0,7.0,2008-05-02
20.5,8.0,2008-05-03
20.0,8.0,2008-05-04
18.0,7.0,2008-05-05
20.0,8.0,2008-05-06
20.5,6.0,2008-05-07
19.5,7.5,2008-05-08
18.5,7.0,2008-05-09
16.0,7.0,2008-05-10
20.2,7.0,2008-05-11
17.2,6.0,2008-05-12
19.5,7.5,2008-05-13
20.0,6.5,2008-05-14
21.0,6.0,2008-05-15
19.0,10.0,2008-05-16
18.5,7.5,2008-05-17
21.0,9.5,2008-05-18
18.0,7.0,2008-05-19
18.0,6.5,2008-05-20
17.5,9.0,2008-05-21
15.5,7.5,2008-05-22
14.5,8.0,2008-05-23
17.5,10.0,2008-05-24
18.5,10.0,2008-05-25
19.5,8.0,2008-05-26
21.0,9.0,2008-05-27
21.6,9.5,2008-05-28
22.0,9.0,2008-05-29
20.5,8.0,2008-05-30
20.5,8.0,2008-05-31
21.0,10.0,2008-06-01
22.0,10.0,2008-06-02
21.0,10.0,2008-06-03
21.0,9.0,2008-06-04
18.0,12.5,2008-06-05
19.0,13.0,2008-06-06
17.0,12.0,2008-06-07
18.6,13.0,2008-06-08
19.6,12.5,2008-06-09
20.5,12.0,2008-06-10
18.0,13.0,2008-06-11
20.5,14.0,2008-06-12
21.0,14.5,2008-06-13
20.0,13.0,2008-06-14
19.0,13.0,2008-06-15
19.5,13.0,2008-06-16
21.0,12.0,2008-06-17
21.5,12.0,2008-06-18
21.0,13.0,2008-06-19
18.0,13.0,2008-06-20
19.5,12.0,2008-06-21
19.0,13.0,2008-06-22
19.0,14.0,2008-06-23
19.5,13.0,2008-06-24
22.0,12.5,2008-06-25
24.0,13.5,2008-06-26
20.5,15.0,2008-06-27
16.5,13.0,2008-06-28
16.0,12.0,2008-06-29
18.0,13.5,2008-06-30
17.0,13.5,2008-07-01
19.0,14.5,2008-07-02
18.5,14.5,2008-07-03
20.0,14.0,2008-07-04
22.5,13.0,2008-07-05
22.0,13.5,2008-07-06
20.5,14.0,2008-07-07
22.6,13.5,2008-07-08
22.0,13.5,2008-07-09
21.0,14.5,2008-07-10
20.5,11.0,2008-07-11
22.0,12.5,2008-07-12
18.4,14.5,2008-07-13
19.0,15.5,2008-07-14
18.0,13.0,2008-07-15
19.5,12.0,2008-07-16
19.0,14.0,2008-07-17
19.0,14.0,2008-07-18
19.5,13.5,2008-07-19
17.5,13.5,2008-07-20
17.0,13.0,2008-07-21
20.0,12.0,2008-07-22
19.5,14.0,2008-07-23
16.2,14.5,2008-07-24
16.0,13.0,2008-07-25
17.5,13.5,2008-07-26
18.0,12.5,2008-07-27
20.0,13.0,2008-07-28
21.5,14.0,2008-07-29
18.5,14.5,2008-07-30
20.0,12.0,2008-07-31
21.3,14.0,2008-08-01
23.0,14.5,2008-08-02
19.2,13.5,2008-08-03
19.5,13.0,2008-08-04
21.0,13.0,2008-08-05
20.5,13.5,2008-08-06
18.5,12.5,2008-08-07
18.5,13.0,2008-08-08
24.5,14.0,2008-08-09
24.5,13.0,2008-08-10
21.0,13.0,2008-08-11
19.5,13.0,2008-08-12
18.0,14.0,2008-08-13
18.0,13.0,2008-08-14
17.0,13.0,2008-08-15
18.0,12.5,2008-08-16
20.5,14.0,2008-08-17
21.0,13.5,2008-08-18
17.0,13.0,2008-08-19
18.0,14.0,2008-08-20
19.0,13.0,2008-08-21
17.5,13.5,2008-08-22
18.5,12.5,2008-08-23
20.5,12.5,2008-08-24
21.5,13.5,2008-08-25
21.0,12.0,2008-08-26
18.0,12.5,2008-08-27
16.5,13.0,2008-08-28
16.0,13.0,2008-08-29
20.0,13.0,2008-08-30
21.0,11.5,2008-08-31
21.0,12.0,2008-09-01
20.5,11.0,2008-09-02
21.0,10.5,2008-09-03
20.5,10.5,2008-09-04
20.0,9.0,2008-09-05
18.0,11.0,2008-09-06
20.0,9.0,2008-09-07
22.0,11.0,2008-09-08
20.5,10.0,2008-09-09
21.0,10.0,2008-09-10
22.0,10.5,2008-09-11
21.5,11.0,2008-09-12
20.5,13.5,2008-09-13
19.5,11.5,2008-09-14
18.5,12.5,2008-09-15
22.0,11.5,2008-09-16
21.5,11.0,2008-09-17
19.0,12.0,2008-09-18
17.0,12.5,2008-09-19
16.5,10.0,2008-09-20
18.5,9.0,2008-09-21
18.0,10.5,2008-09-22
20.5,10.0,2008-09-23
19.5,9.5,2008-09-24
20.0,9.5,2008-09-25
21.0,8.5,2008-09-26
22.0,7.0,2008-09-27
22.0,9.0,2008-09-28
17.5,10.5,2008-09-29
20.0,10.0,2008-09-30
21.5,9.5,2008-10-01
21.0,10.0,2008-10-02
20.5,9.5,2008-10-03
20.5,9.0,2008-10-04
19.3,10.0,2008-10-05
16.6,8.0,2008-10-06
18.0,8.0,2008-10-07
18.0,7.5,2008-10-08
16.0,7.5,2008-10-09
17.5,7.0,2008-10-10
18.0,6.0,2008-10-11
18.5,6.5,2008-10-12
19.5,7.0,2008-10-13
19.5,6.5,2008-10-14
18.5,6.0,2008-10-15
19.0,6.0,2008-10-16
19.5,5.5,2008-10-17
18.5,5.0,2008-10-18
18.5,4.5,2008-10-19
19.5,5.0,2008-10-20
19.0,5.2,2008-10-21
17.5,4.5,2008-10-22
16.6,4.0,2008-10-23
17.5,4.0,2008-10-24
16.0,4.0,2008-10-25
16.5,4.5,2008-10-26
20.0,4.0,2008-10-27
20.2,4.0,2008-10-28
16.0,4.0,2008-10-29
15.0,4.5,2008-10-30
15.0,4.5,2008-10-31
17.0,3.5,2008-11-01
19.0,5.5,2008-11-02
18.5,6.5,2008-11-03
14.0,7.5,2008-11-04
15.0,3.0,2008-11-05
18.5,1.0,2008-11-06
19.0,6.0,2008-11-07
19.0,5.5,2008-11-08
21.5,6.0,2008-11-09
21.5,6.0,2008-11-10
19.0,5.0,2008-11-11
15.0,2.0,2008-11-12
15.0,4.0,2008-11-13
19.0,2.5,2008-11-14
19.5,3.0,2008-11-15
19.0,2.5,2008-11-16
18.0,3.0,2008-11-17
19.0,4.0,2008-11-18
15.5,3.5,2008-11-19
15.0,2.5,2008-11-20
12.0,2.0,2008-11-21
13.0,1.0,2008-11-22
13.0,2.0,2008-11-23
11.0,1.0,2008-11-24
11.0,0.0,2008-11-25
13.0,1.0,2008-11-26
13.5,1.0,2008-11-27
14.0,0.5,2008-11-28
13.5,0.5,2008-11-29
14.5,1.0,2008-11-30
14.0,1.5,2008-12-01
13.5,1.0,2008-12-02
13.0,0.0,2008-12-03
12.0,0.0,2008-12-04
13.5,0.0,2008-12-05
13.0,0.0,2008-12-06
14.0,0.5,2008-12-07
11.5,0.0,2008-12-08
14.5,2.0,2008-12-09
16.0,2.5,2008-12-10
14.5,1.0,2008-12-11
15.0,0.0,2008-12-12
13.5,0.0,2008-12-13
15.5,1.0,2008-12-14
18.5,2.5,2008-12-15
17.0,2.0,2008-12-16
19.0,2.0,2008-12-17
23.0,4.0,2008-12-18
24.0,5.5,2008-12-19
24.0,6.0,2008-12-20
14.0,5.0,2008-12-21
11.5,1.5,2008-12-22
11.5,-0.5,2008-12-23
9.0,-3.0,2008-12-24
11.0,4.5,2008-12-25
5.5,1.0,2008-12-26
8.5,-1.0,2008-12-27
8.0,-1.0,2008-12-28
9.0,0.0,2008-12-29
9.0,0.0,2008-12-30
